INSERT INTO Location (location_id, address, latitude, longitude, city, country, continent) VALUES
(1, '6675 Martinez Inlet Apt. 895
Glennstad, NJ 08540', 9.287189, 167.396028, 'Brandyborough', 'Vietnam', 'Europe'),
(2, '00245 Richards Extension Apt. 380
East Mike, AR 75742', -75.4465625, -143.189115, 'South Chloe', 'Barbados', 'Asia'),
(3, '94522 Holt Rapid Apt. 178
West Staceyport, WV 96345', -7.605403, 10.45808, 'Davishaven', 'Sri Lanka', 'North America'),
(4, '54583 Graves Spurs
West Samantha, PA 62375', -46.5830255, 103.400761, 'Watsonshire', 'Grenada', 'South America'),
(5, '6694 Molina Island
Emilymouth, AL 90667', -5.9964555, 45.717626, 'Jordanfurt', 'New Caledonia', 'Africa'),
(6, 'USS Lambert
FPO AE 94152', 63.2501695, 176.774281, 'North Christina', 'Kazakhstan', 'Australia'),
(7, '1310 Shirley Way
Velasquezview, GA 33329', 0.3322045, -75.713204, 'Jamesfurt', 'Timor-Leste', 'Australia'),
(8, '2939 Susan Pine Apt. 451
Jacquelinemouth, MP 58929', 25.1026935, 173.944247, 'South Richardton', 'Zambia', 'Europe'),
(9, '2154 Morgan Mission Suite 528
West Jenna, WA 47714', -31.0749995, 99.111467, 'Lake Andrea', 'Paraguay', 'Europe'),
(10, '459 Martinez Bypass
Cindyville, MP 72934', 48.3876235, 153.299545, 'Port Denise', 'Nigeria', 'Australia');

INSERT INTO Festival (festival_id, location_id, name, year, duration_days, poster_image, description) VALUES
(1, 5, 'Pulse University 2024', 2024, 2, 'poster_1.jpg', 'Chair claim require with.'),
(2, 4, 'Pulse University 2023', 2023, 2, 'poster_2.jpg', 'One measure white hard rather production turn.'),
(3, 2, 'Pulse University 2022', 2022, 6, 'poster_3.jpg', 'Want art us me wish understand defense.'),
(4, 9, 'Pulse University 2021', 2021, 1, 'poster_4.jpg', 'Goal because large artist recent third.'),
(5, 10, 'Pulse University 2020', 2020, 4, 'poster_5.jpg', 'Weight name feeling hour risk need during against.'),
(6, 1, 'Pulse University 2019', 2019, 1, 'poster_6.jpg', 'Yet student their town magazine garden.'),
(7, 2, 'Pulse University 2018', 2018, 2, 'poster_7.jpg', 'What some animal.'),
(8, 4, 'Pulse University 2017', 2017, 5, 'poster_8.jpg', 'System management newspaper make bill into.'),
(9, 10, 'Pulse University 2026', 2026, 1, 'poster_9.jpg', 'Something against medical both.'),
(10, 9, 'Pulse University 2027', 2027, 2, 'poster_10.jpg', 'Together street quality everybody method voice time car.');

INSERT INTO Stage (stage_id, festival_id, name, description, capacity, image) VALUES
(1, 9, 'SeaGreen Tunnel', 'Message piece administration heavy goal.', 9, 'stage_65c2f279-549f-46d1-82d0-df9ee07e0785.jpg'),
(2, 4, 'DeepPink Route', 'Into benefit billion up responsibility.', 9, 'stage_27bc97ba-5017-4ef0-ad4a-1d9e9756b9ab.jpg'),
(3, 10, 'BlueViolet Rapid', 'Professional history share deep decision center.', 9, 'stage_9b53af99-ff9f-45ea-bdff-760d4407a861.jpg'),
(4, 1, 'LightGoldenRodYellow Wall', 'A whatever talk else role southern onto.', 8, 'stage_cf3a1a80-d4c3-45ee-959f-8bdff2008234.jpg'),
(5, 7, 'Aquamarine Key', 'Tax they group American somebody.', 9, 'stage_85637a99-c615-4d87-9c0c-468e45d33f1f.jpg'),
(6, 5, 'AliceBlue Stravenue', 'Front them know TV know.', 8, 'stage_2acb4043-7ddd-42fb-bf39-029923d4950c.jpg'),
(7, 4, 'Red Centers', 'Air subject form health.', 9, 'stage_61e51f53-9167-4e6b-8230-812e490dff52.jpg'),
(8, 2, 'Crimson Trace', 'American hour various.', 8, 'stage_bf8309c7-06e5-4a43-ab4f-03795081d579.jpg'),
(9, 7, 'BlueViolet Manors', 'Push each special theory.', 8, 'stage_37a3ad90-7b13-41c7-a4ab-8ba0258412bf.jpg'),
(10, 6, 'Indigo Tunnel', 'Serious hear for ability third west voice.', 9, 'stage_98dbf44c-ded6-4024-babc-a48163ca9347.jpg'),
(11, 10, 'LightSkyBlue Place', 'Grow live box product network.', 9, 'stage_1ab3c49f-163d-40c6-bae9-d790383bd945.jpg'),
(12, 1, 'PapayaWhip Common', 'Commercial middle she deal.', 10, 'stage_2f5463d6-6ca4-4515-ace3-95105ff00fac.jpg'),
(13, 8, 'MediumOrchid Mission', 'Employee material national way size.', 10, 'stage_151d11b5-a91b-4052-9615-9d80742b95c9.jpg'),
(14, 2, 'Moccasin Prairie', 'Chance only tend rock.', 9, 'stage_bed8dec4-ecf3-4ab2-a6fa-44f9675c62cd.jpg'),
(15, 2, 'HoneyDew Rapid', 'Wife power number that.', 10, 'stage_24ef5281-9547-490f-9460-c458c36878a4.jpg'),
(16, 5, 'LightGray Ridges', 'Able modern clearly thing evidence child.', 10, 'stage_da73723e-20c8-41b1-aeef-3c4aad60c04a.jpg'),
(17, 10, 'Coral Curve', 'Represent about sort reason our partner before.', 9, 'stage_7cdd3a2a-50aa-4208-96fe-426fec70a76e.jpg'),
(18, 10, 'WhiteSmoke Pike', 'Positive bit left.', 8, 'stage_3c68eb1c-bbbe-4385-b26e-19e716d4c6a5.jpg'),
(19, 2, 'Brown Springs', 'Safe over campaign mission Republican economy voice sea.', 8, 'stage_70aee24c-a61f-4874-b6e2-8eba599cd5f1.jpg'),
(20, 4, 'Yellow Light', 'Once difference down weight.', 9, 'stage_0dd232ee-aa37-4ebe-a3ac-ec6eb67fc610.jpg'),
(21, 2, 'LightGray Orchard', 'Though everything idea Mrs prevent.', 8, 'stage_349b70b6-ca8a-472a-8a1d-3256161fe35c.jpg'),
(22, 2, 'Tan Radial', 'Manager which sometimes article American.', 9, 'stage_7a94a46e-666f-43f7-9434-62686bb7efc5.jpg'),
(23, 5, 'Chartreuse Park', 'Reveal later enough scene pressure executive.', 9, 'stage_8f711a78-9562-46ed-9ae4-18e059ed428e.jpg'),
(24, 6, 'BlanchedAlmond Plain', 'Lot guy Congress detail.', 8, 'stage_e595038a-cc2f-4af2-909a-9f7e69fc2348.jpg'),
(25, 6, 'PaleVioletRed Valley', 'Spend civil establish image floor.', 9, 'stage_f2bfa7fd-4d37-43e6-8233-3688a248802e.jpg'),
(26, 4, 'Chocolate Spring', 'Beyond view suggest investment pick.', 10, 'stage_61ab8774-ec0d-4009-932a-682a71b030c6.jpg'),
(27, 5, 'Green Expressway', 'Race fast picture world similar.', 10, 'stage_3c6b834d-39ce-4372-b715-85a62d61a8a3.jpg'),
(28, 2, 'SeaGreen Plain', 'Democratic future dinner value become kitchen girl throughout.', 10, 'stage_8cfcdd27-128a-496a-9fcf-6153d583e74f.jpg'),
(29, 3, 'Cornsilk Mountain', 'View country another door.', 10, 'stage_ac6f4187-d77e-4d58-ba14-7654eaad0092.jpg'),
(30, 4, 'SkyBlue Plains', 'Campaign here high event couple.', 8, 'stage_79a36317-8067-4d5b-b33f-2e18e82cb6e4.jpg');

INSERT INTO Equipment (equipment_id, type, description, image) VALUES
(1, 'Speakers', 'Professional Speakers for stage use', 'speakers.jpg'),
(2, 'Lights', 'Professional Lights for stage use', 'lights.jpg'),
(3, 'Microphones', 'Professional Microphones for stage use', 'microphones.jpg'),
(4, 'Consoles', 'Professional Consoles for stage use', 'consoles.jpg'),
(5, 'Effects', 'Professional Effects for stage use', 'effects.jpg');

INSERT INTO Stage_Equipment (stage_id, equipment_id, quantity) VALUES
(1, 4, 6),
(1, 3, 1),
(1, 5, 4),
(1, 1, 1),
(2, 4, 10),
(2, 3, 6),
(2, 1, 4),
(2, 5, 8),
(3, 4, 4),
(3, 2, 9),
(3, 5, 9),
(3, 1, 5),
(4, 5, 4),
(4, 4, 3),
(4, 3, 9),
(4, 2, 8),
(4, 1, 2),
(5, 1, 3),
(5, 2, 7),
(5, 3, 10),
(6, 4, 8),
(6, 5, 9),
(6, 3, 5),
(7, 1, 2),
(7, 5, 5),
(7, 3, 7),
(7, 2, 3),
(7, 4, 8),
(8, 3, 2),
(8, 2, 5),
(8, 5, 9),
(9, 2, 10),
(9, 5, 6),
(9, 4, 8),
(9, 1, 1),
(9, 3, 2),
(10, 3, 10),
(10, 2, 2),
(10, 1, 2),
(10, 5, 8),
(11, 5, 8),
(11, 2, 9),
(11, 1, 3),
(12, 5, 5),
(12, 4, 7),
(12, 1, 6),
(12, 3, 8),
(13, 4, 6),
(13, 1, 1),
(13, 5, 10),
(13, 3, 9),
(13, 2, 4),
(14, 2, 2),
(14, 1, 1),
(14, 4, 6),
(14, 3, 2),
(14, 5, 9),
(15, 3, 9),
(15, 4, 3),
(15, 1, 10),
(16, 4, 2),
(16, 2, 2),
(16, 5, 7),
(16, 3, 6),
(16, 1, 7),
(17, 4, 1),
(17, 1, 7),
(17, 3, 6),
(17, 5, 2),
(18, 2, 8),
(18, 5, 3),
(18, 3, 7),
(19, 3, 2),
(19, 4, 8),
(19, 1, 9),
(20, 1, 4),
(20, 5, 3),
(20, 4, 7),
(21, 4, 3),
(21, 2, 7),
(21, 5, 1),
(21, 1, 7),
(22, 4, 3),
(22, 3, 4),
(22, 2, 5),
(22, 5, 4),
(23, 5, 6),
(23, 1, 1),
(23, 3, 1),
(24, 4, 2),
(24, 2, 10),
(24, 1, 2),
(24, 3, 4),
(24, 5, 7),
(25, 5, 10),
(25, 2, 1),
(25, 3, 10),
(26, 4, 4),
(26, 3, 6),
(26, 2, 4),
(27, 4, 8),
(27, 2, 6),
(27, 3, 2),
(27, 5, 1),
(28, 5, 9),
(28, 1, 5),
(28, 4, 3),
(28, 3, 6),
(29, 2, 3),
(29, 3, 8),
(29, 5, 9),
(30, 3, 3),
(30, 1, 5),
(30, 5, 2),
(30, 2, 2),
(30, 4, 9);

INSERT INTO Artist_Group (group_id, name, formation_date, website, photo) VALUES
(1, 'Page-Collins', '2019-09-14', 'https://davis-hughes.com/', 'group_22046a47-24ee-4782-9e01-1d5813dad52c.jpg'),
(2, 'Rice-Garza', '2019-06-13', 'https://www.miller-gardner.com/', 'group_8ea41bde-8b33-4d71-bbb4-38dc5450f205.jpg'),
(3, 'Holmes, Harrell and Anderson', '2008-12-25', 'http://www.santos.com/', 'group_689e1732-ccd1-4c9d-a2c1-6c99fd82d4ed.jpg'),
(4, 'Hardin-Haley', '2020-03-26', 'http://ingram.com/', 'group_f5fc9a76-a468-42c8-9876-2a121851a130.jpg'),
(5, 'Miller and Sons', '2017-02-18', 'http://www.burke.net/', 'group_4138ad90-86e7-4cb6-bed2-dbb748c35ac9.jpg'),
(6, 'Gomez Group', '2014-05-20', 'http://medina-mcdaniel.info/', 'group_f9f130dc-a10d-476f-a0da-d9cd613bdf10.jpg'),
(7, 'Taylor Ltd', '2007-09-29', 'https://stevenson-sanchez.org/', 'group_54ae0adb-7f20-4fcd-8d33-04de2d2fd19e.jpg'),
(8, 'Johnson-Patterson', '2013-01-12', 'http://martin-thompson.com/', 'group_2cf4d492-1d99-409e-b4ce-18e484dec228.jpg'),
(9, 'Taylor, Burton and Brown', '2008-11-01', 'https://mathis.com/', 'group_6ed31fd0-9ff0-4846-bab8-bc88afa49a45.jpg'),
(10, 'Rodriguez-Perez', '2010-02-28', 'https://fuller.com/', 'group_3cf1e8bc-8375-405a-959e-84b933f8a43b.jpg');

INSERT INTO Artist (artist_id, name, stage_name, dob, website, instagram, photo) VALUES
(1, 'Dylan Wells', 'millerpenny', '1991-03-12', 'http://www.wilson-grant.com/', '@emilymorrison', 'artist_1.jpg'),
(2, 'Jennifer Watkins', 'adamlewis', '2002-01-05', 'https://pineda.com/', '@mcculloughamber', 'artist_2.jpg'),
(3, 'Danny Clark', 'jennifer96', '1968-12-09', 'https://wright.com/', '@tcox', 'artist_3.jpg'),
(4, 'Jonathan Burns', 'stacey03', '2003-09-05', 'https://www.sanchez.com/', '@jasonerickson', 'artist_4.jpg'),
(5, 'Sheila Lawrence', 'gle', '1986-04-22', 'https://simon-torres.info/', '@debrabrewer', 'artist_5.jpg'),
(6, 'Clifford Green', 'wuautumn', '1973-09-30', 'https://www.reese-walker.com/', '@monicajames', 'artist_6.jpg'),
(7, 'Lynn Pena', 'newmanlindsay', '1965-08-20', 'http://www.ward.com/', '@jesusmurray', 'artist_7.jpg'),
(8, 'Savannah Richardson MD', 'kgeorge', '1990-06-01', 'https://ortiz-terrell.com/', '@robert77', 'artist_8.jpg'),
(9, 'Paul Combs', 'joann36', '1981-07-15', 'http://yu.net/', '@shannon10', 'artist_9.jpg'),
(10, 'Michael Stevenson', 'probinson', '1981-09-05', 'http://schultz.com/', '@johnperry', 'artist_10.jpg'),
(11, 'Adam Decker', 'griffithkimberly', '1984-01-13', 'https://www.james.com/', '@parksmark', 'artist_11.jpg'),
(12, 'Lindsey King', 'mcgeematthew', '1992-05-28', 'http://williams.com/', '@kim72', 'artist_12.jpg'),
(13, 'Shannon Barker', 'meganhughes', '1981-03-19', 'https://lawson.biz/', '@nicole46', 'artist_13.jpg'),
(14, 'Heather Potter', 'andrew93', '1986-03-24', 'http://romero-harrington.com/', '@stephenbullock', 'artist_14.jpg'),
(15, 'Robert Hughes', 'lauraburns', '1995-08-07', 'https://banks.net/', '@azimmerman', 'artist_15.jpg'),
(16, 'Laura Hansen', 'twillis', '2006-02-22', 'http://butler.biz/', '@amandarivera', 'artist_16.jpg'),
(17, 'Cathy Trevino', 'sergio75', '1980-11-18', 'https://smith.org/', '@wmiller', 'artist_17.jpg'),
(18, 'John Hurley', 'vincentdavis', '1965-02-01', 'http://www.gibson.com/', '@edwardpierce', 'artist_18.jpg'),
(19, 'Kenneth Douglas', 'moorekatherine', '1980-08-12', 'http://carpenter.com/', '@meyerwendy', 'artist_19.jpg'),
(20, 'Nicole Gardner', 'richard37', '1975-10-31', 'http://wheeler-smith.com/', '@dmiller', 'artist_20.jpg'),
(21, 'Robert Wu', 'mark21', '1966-03-26', 'http://www.french.org/', '@heatheradams', 'artist_21.jpg'),
(22, 'Leah Webster', 'pmyers', '1999-10-03', 'https://holt-conrad.net/', '@reyesshannon', 'artist_22.jpg'),
(23, 'Cory Parks', 'kimjames', '1989-11-06', 'https://henry.com/', '@laura83', 'artist_23.jpg'),
(24, 'Matthew Hernandez', 'johnsonhannah', '1995-07-19', 'https://smith.biz/', '@kimberlyedwards', 'artist_24.jpg'),
(25, 'Roberta Burke', 'hollycontreras', '1971-10-22', 'https://www.taylor-bailey.com/', '@waynerivera', 'artist_25.jpg'),
(26, 'John Scott', 'dominguezmichael', '1977-07-15', 'https://www.mitchell.com/', '@qarias', 'artist_26.jpg'),
(27, 'Lisa Sexton', 'mconrad', '1995-04-16', 'http://keller-clark.org/', '@monica99', 'artist_27.jpg'),
(28, 'Matthew Hayes', 'kbrown', '2005-06-18', 'http://johnson.com/', '@tom36', 'artist_28.jpg'),
(29, 'Jennifer Wells', 'qwalker', '2000-05-04', 'https://patterson.com/', '@brianmoore', 'artist_29.jpg'),
(30, 'Lisa Mack', 'jose06', '1967-12-05', 'https://quinn-morris.com/', '@anthonyvillanueva', 'artist_30.jpg'),
(31, 'Kevin Mueller', 'yglover', '1969-03-06', 'https://johnson.org/', '@kjohnson', 'artist_31.jpg'),
(32, 'Alyssa Dalton', 'snyderchristopher', '1983-09-14', 'http://horne-rios.org/', '@amy43', 'artist_32.jpg'),
(33, 'Ryan Campos', 'mauricetrujillo', '1971-11-14', 'http://www.castillo.com/', '@jacksonbilly', 'artist_33.jpg'),
(34, 'Anthony Young', 'ferrellshelley', '1980-08-25', 'http://becker-black.com/', '@hduke', 'artist_34.jpg'),
(35, 'Nicole Thompson', 'ajohnson', '1966-09-01', 'https://www.evans.com/', '@nathanielmcdonald', 'artist_35.jpg'),
(36, 'Stuart Meyer', 'franklinpeggy', '2007-01-09', 'https://reynolds-evans.com/', '@travis59', 'artist_36.jpg'),
(37, 'Catherine Carroll', 'kristy98', '1985-05-07', 'http://chavez.com/', '@berickson', 'artist_37.jpg'),
(38, 'Greg Taylor', 'miguelbaird', '1982-01-08', 'https://nelson.com/', '@lisazimmerman', 'artist_38.jpg'),
(39, 'Zoe Allen', 'teresabrown', '2007-02-25', 'https://www.anderson-trujillo.biz/', '@grahammary', 'artist_39.jpg'),
(40, 'Tina Sanchez', 'robinsonlaura', '2005-04-20', 'http://www.allen.com/', '@william93', 'artist_40.jpg'),
(41, 'Timothy Lewis', 'michael58', '1976-05-11', 'https://www.riley.info/', '@sbauer', 'artist_41.jpg'),
(42, 'Michael Mays', 'crystal70', '1981-09-07', 'http://butler.biz/', '@barnesdennis', 'artist_42.jpg'),
(43, 'Lisa Haley', 'porterryan', '1978-05-23', 'http://www.nguyen.org/', '@megan59', 'artist_43.jpg'),
(44, 'Kellie Willis', 'courtneyhuffman', '1975-09-29', 'https://krueger-arellano.com/', '@greg05', 'artist_44.jpg'),
(45, 'Anthony Butler', 'taylorbrown', '2005-02-02', 'https://www.knight.org/', '@ericlopez', 'artist_45.jpg'),
(46, 'Mark Little', 'jenkinspaul', '1971-10-05', 'https://www.perry.com/', '@taylor93', 'artist_46.jpg'),
(47, 'Lisa Walker', 'johnstonanthony', '1977-03-28', 'http://www.serrano-jenkins.com/', '@michellemarshall', 'artist_47.jpg'),
(48, 'Ashley Wright', 'swright', '1984-07-09', 'https://ramirez.com/', '@griffinluis', 'artist_48.jpg'),
(49, 'Paul Thompson', 'nguyenjonathan', '1964-05-27', 'https://www.holmes-fox.org/', '@chelsea97', 'artist_49.jpg'),
(50, 'James Rhodes', 'robert60', '1986-11-13', 'https://www.parker.com/', '@douglasromero', 'artist_50.jpg');

INSERT INTO Artist_Group_Members (group_id, artist_id) VALUES
(1, 18),
(1, 19),
(1, 39),
(2, 46),
(2, 22),
(2, 14),
(3, 41),
(3, 17),
(3, 33),
(3, 32),
(3, 4),
(4, 41),
(4, 28),
(4, 18),
(5, 1),
(5, 22),
(5, 50),
(6, 41),
(6, 17),
(6, 11),
(7, 29),
(7, 36),
(7, 46),
(7, 28),
(7, 1),
(8, 5),
(8, 45),
(8, 10),
(9, 3),
(9, 24),
(9, 38),
(9, 36),
(9, 10),
(10, 9),
(10, 3),
(10, 20),
(10, 24);

INSERT INTO Genre (genre_id, name, subgenre) VALUES
(1, 'Rock', 'Hard Rock'),
(2, 'Jazz', 'Bebop'),
(3, 'Pop', 'Synthpop'),
(4, 'Electronic', 'Techno'),
(5, 'Hip Hop', 'Trap');

INSERT INTO Artist_Genres (artist_id, genre_id) VALUES
(1, 3),
(2, 2),
(3, 1),
(3, 3),
(3, 4),
(4, 5),
(4, 2),
(5, 2),
(6, 4),
(7, 2),
(8, 3),
(8, 4),
(8, 5),
(9, 2),
(9, 3),
(9, 1),
(10, 1),
(10, 4),
(10, 5),
(11, 2),
(11, 5),
(12, 3),
(12, 5),
(13, 2),
(14, 2),
(15, 3),
(15, 5),
(16, 3),
(17, 5),
(17, 4),
(18, 5),
(18, 3),
(18, 1),
(19, 3),
(20, 5),
(21, 1),
(21, 5),
(22, 4),
(22, 3),
(22, 5),
(23, 4),
(23, 1),
(24, 5),
(24, 2),
(25, 1),
(25, 4),
(26, 5),
(27, 2),
(27, 3),
(27, 5),
(28, 3),
(29, 3),
(29, 1),
(29, 5),
(30, 5),
(30, 3),
(31, 4),
(31, 3),
(31, 2),
(32, 3),
(32, 2),
(32, 1),
(33, 4),
(33, 2),
(34, 5),
(34, 3),
(34, 2),
(35, 1),
(35, 3),
(35, 2),
(36, 4),
(37, 5),
(37, 3),
(37, 2),
(38, 4),
(38, 2),
(39, 4),
(39, 2),
(39, 3),
(40, 3),
(41, 5),
(41, 3),
(41, 1),
(42, 3),
(43, 2),
(44, 1),
(45, 2),
(46, 5),
(46, 1),
(47, 4),
(47, 2),
(48, 4),
(48, 5),
(48, 2),
(49, 2),
(50, 1),
(50, 5),
(50, 2);

INSERT INTO Event (event_id, festival_id, stage_id, event_date, total_duration) VALUES
(1, 1, 4, '2024-11-25', '12:00:00'),
(2, 1, 12, '2024-07-28', '4:00:00'),
(3, 1, 4, '2024-10-12', '5:00:00'),
(4, 1, 12, '2024-05-06', '6:00:00'),
(5, 1, 12, '2024-07-31', '12:00:00'),
(6, 1, 12, '2024-04-02', '11:00:00'),
(7, 2, 28, '2023-09-07', '12:00:00'),
(8, 2, 19, '2023-12-05', '12:00:00'),
(9, 2, 19, '2023-01-28', '6:00:00'),
(10, 2, 22, '2023-11-20', '11:00:00'),
(11, 2, 19, '2023-08-30', '8:00:00'),
(12, 2, 28, '2023-08-06', '7:00:00'),
(13, 2, 28, '2023-02-13', '8:00:00'),
(14, 2, 28, '2023-07-11', '12:00:00'),
(15, 2, 19, '2023-03-22', '7:00:00'),
(16, 3, 29, '2022-11-02', '5:00:00'),
(17, 3, 29, '2022-02-20', '7:00:00'),
(18, 3, 29, '2022-10-27', '9:00:00'),
(19, 3, 29, '2022-09-05', '12:00:00'),
(20, 3, 29, '2022-08-04', '6:00:00'),
(21, 3, 29, '2022-08-18', '7:00:00'),
(22, 3, 29, '2022-11-22', '6:00:00'),
(23, 4, 7, '2021-01-26', '5:00:00'),
(24, 4, 26, '2021-12-04', '10:00:00'),
(25, 4, 20, '2021-11-13', '12:00:00'),
(26, 4, 26, '2021-04-30', '10:00:00'),
(27, 4, 2, '2021-10-26', '7:00:00'),
(28, 4, 26, '2021-10-18', '10:00:00'),
(29, 4, 30, '2021-03-18', '4:00:00'),
(30, 4, 30, '2021-01-19', '10:00:00'),
(31, 4, 26, '2021-03-09', '4:00:00'),
(32, 4, 20, '2021-02-08', '8:00:00'),
(33, 5, 27, '2020-01-11', '12:00:00'),
(34, 5, 16, '2020-08-20', '11:00:00'),
(35, 5, 16, '2020-01-25', '8:00:00'),
(36, 5, 27, '2020-10-06', '11:00:00'),
(37, 5, 6, '2020-10-10', '10:00:00'),
(38, 5, 23, '2020-07-31', '10:00:00'),
(39, 5, 16, '2020-07-08', '11:00:00'),
(40, 5, 16, '2020-06-19', '12:00:00'),
(41, 6, 24, '2019-07-19', '4:00:00'),
(42, 6, 10, '2019-08-10', '10:00:00'),
(43, 6, 10, '2019-06-22', '11:00:00'),
(44, 6, 10, '2019-08-07', '4:00:00'),
(45, 6, 24, '2019-12-08', '10:00:00'),
(46, 7, 5, '2018-02-28', '11:00:00'),
(47, 7, 9, '2018-06-27', '9:00:00'),
(48, 7, 9, '2018-03-26', '8:00:00'),
(49, 7, 9, '2018-11-12', '8:00:00'),
(50, 7, 5, '2018-07-31', '11:00:00'),
(51, 7, 5, '2018-06-02', '12:00:00'),
(52, 7, 5, '2018-12-13', '9:00:00'),
(53, 8, 13, '2017-11-18', '4:00:00'),
(54, 8, 13, '2017-02-27', '7:00:00'),
(55, 8, 13, '2017-08-18', '4:00:00'),
(56, 8, 13, '2017-03-02', '7:00:00'),
(57, 8, 13, '2017-04-18', '11:00:00'),
(58, 8, 13, '2017-10-11', '7:00:00'),
(59, 9, 1, '2026-02-09', '9:00:00'),
(60, 9, 1, '2026-12-14', '5:00:00'),
(61, 9, 1, '2026-06-29', '8:00:00'),
(62, 9, 1, '2026-09-22', '4:00:00'),
(63, 9, 1, '2026-04-21', '10:00:00'),
(64, 9, 1, '2026-10-11', '7:00:00'),
(65, 9, 1, '2026-05-27', '7:00:00'),
(66, 9, 1, '2026-12-02', '8:00:00'),
(67, 10, 3, '2027-05-19', '4:00:00'),
(68, 10, 17, '2027-04-09', '12:00:00'),
(69, 10, 18, '2027-02-28', '9:00:00'),
(70, 10, 3, '2027-03-16', '12:00:00'),
(71, 10, 17, '2027-12-06', '4:00:00'),
(72, 10, 18, '2027-08-19', '11:00:00'),
(73, 10, 3, '2027-07-03', '10:00:00'),
(74, 10, 17, '2027-11-17', '11:00:00'),
(75, 10, 11, '2027-11-16', '10:00:00'),
(76, 10, 11, '2027-01-29', '12:00:00');

INSERT INTO Performance (performance_id, event_id, start_time, stage_id, duration, type) VALUES
(1, 1, '2024-11-25 18:00:00', 4, '1:48:00', 'special guest'),
(2, 1, '2024-11-25 20:17:00', 4, '1:29:00', 'headline'),
(3, 1, '2024-11-25 22:14:00', 4, '1:11:00', 'warm up'),
(4, 1, '2024-11-25 23:32:00', 4, '1:27:00', 'warm up'),
(5, 1, '2024-11-26 01:28:00', 4, '1:42:00', 'special guest'),
(6, 2, '2024-07-28 18:00:00', 12, '1:13:00', 'warm up'),
(7, 2, '2024-07-28 19:33:00', 12, '0:53:00', 'headline'),
(8, 2, '2024-07-28 20:37:00', 12, '1:03:00', 'headline'),
(9, 3, '2024-10-12 18:00:00', 4, '0:54:00', 'warm up'),
(10, 3, '2024-10-12 19:06:00', 4, '1:32:00', 'special guest'),
(11, 4, '2024-05-06 18:00:00', 12, '1:27:00', 'warm up'),
(12, 4, '2024-05-06 19:34:00', 12, '0:58:00', 'headline'),
(13, 4, '2024-05-06 20:59:00', 12, '1:09:00', 'special guest'),
(14, 5, '2024-07-31 18:00:00', 12, '1:14:00', 'headline'),
(15, 5, '2024-07-31 19:42:00', 12, '1:15:00', 'special guest'),
(16, 5, '2024-07-31 21:16:00', 12, '1:09:00', 'headline'),
(17, 5, '2024-07-31 22:37:00', 12, '0:54:00', 'headline'),
(18, 5, '2024-07-31 23:39:00', 12, '1:58:00', 'warm up'),
(19, 6, '2024-04-02 18:00:00', 12, '1:31:00', 'headline'),
(20, 6, '2024-04-02 19:59:00', 12, '1:46:00', 'headline'),
(21, 6, '2024-04-02 21:53:00', 12, '1:07:00', 'warm up'),
(22, 7, '2023-09-07 18:00:00', 28, '1:08:00', 'warm up'),
(23, 7, '2023-09-07 19:35:00', 28, '0:46:00', 'headline'),
(24, 7, '2023-09-07 20:27:00', 28, '1:40:00', 'headline'),
(25, 7, '2023-09-07 22:34:00', 28, '1:51:00', 'headline'),
(26, 8, '2023-12-05 18:00:00', 19, '1:43:00', 'headline'),
(27, 8, '2023-12-05 20:03:00', 19, '1:26:00', 'headline'),
(28, 8, '2023-12-05 21:39:00', 19, '1:02:00', 'headline'),
(29, 9, '2023-01-28 18:00:00', 19, '1:21:00', 'headline'),
(30, 9, '2023-01-28 19:28:00', 19, '0:49:00', 'warm up'),
(31, 9, '2023-01-28 20:47:00', 19, '0:40:00', 'warm up'),
(32, 10, '2023-11-20 18:00:00', 22, '1:47:00', 'special guest'),
(33, 10, '2023-11-20 20:17:00', 22, '1:36:00', 'headline'),
(34, 10, '2023-11-20 22:12:00', 22, '1:08:00', 'special guest'),
(35, 11, '2023-08-30 18:00:00', 19, '1:42:00', 'special guest'),
(36, 11, '2023-08-30 19:48:00', 19, '0:56:00', 'special guest'),
(37, 11, '2023-08-30 20:55:00', 19, '1:54:00', 'warm up'),
(38, 11, '2023-08-30 22:59:00', 19, '0:52:00', 'special guest'),
(39, 12, '2023-08-06 18:00:00', 28, '0:30:00', 'headline'),
(40, 12, '2023-08-06 18:49:00', 28, '1:07:00', 'warm up'),
(41, 12, '2023-08-06 20:08:00', 28, '2:00:00', 'headline'),
(42, 13, '2023-02-13 18:00:00', 28, '0:39:00', 'special guest'),
(43, 13, '2023-02-13 18:51:00', 28, '1:50:00', 'special guest'),
(44, 13, '2023-02-13 21:07:00', 28, '1:24:00', 'warm up'),
(45, 13, '2023-02-13 22:53:00', 28, '1:52:00', 'warm up'),
(46, 13, '2023-02-14 00:58:00', 28, '0:39:00', 'warm up'),
(47, 14, '2023-07-11 18:00:00', 28, '1:46:00', 'special guest'),
(48, 14, '2023-07-11 20:09:00', 28, '1:26:00', 'warm up'),
(49, 14, '2023-07-11 21:54:00', 28, '1:59:00', 'headline'),
(50, 15, '2023-03-22 18:00:00', 19, '1:39:00', 'headline'),
(51, 15, '2023-03-22 19:58:00', 19, '1:46:00', 'warm up'),
(52, 15, '2023-03-22 22:02:00', 19, '1:47:00', 'headline'),
(53, 15, '2023-03-22 23:54:00', 19, '0:59:00', 'special guest'),
(54, 16, '2022-11-02 18:00:00', 29, '1:56:00', 'headline'),
(55, 16, '2022-11-02 20:19:00', 29, '0:52:00', 'headline'),
(56, 16, '2022-11-02 21:32:00', 29, '1:05:00', 'warm up'),
(57, 17, '2022-02-20 18:00:00', 29, '0:41:00', 'headline'),
(58, 17, '2022-02-20 18:57:00', 29, '1:12:00', 'headline'),
(59, 17, '2022-02-20 20:35:00', 29, '0:50:00', 'headline'),
(60, 17, '2022-02-20 21:43:00', 29, '1:06:00', 'special guest'),
(61, 18, '2022-10-27 18:00:00', 29, '1:28:00', 'warm up'),
(62, 18, '2022-10-27 19:43:00', 29, '1:11:00', 'warm up'),
(63, 18, '2022-10-27 21:23:00', 29, '1:35:00', 'warm up'),
(64, 18, '2022-10-27 23:24:00', 29, '1:29:00', 'headline'),
(65, 19, '2022-09-05 18:00:00', 29, '1:36:00', 'headline'),
(66, 19, '2022-09-05 20:00:00', 29, '1:50:00', 'headline'),
(67, 19, '2022-09-05 22:19:00', 29, '0:56:00', 'headline'),
(68, 20, '2022-08-04 18:00:00', 29, '1:06:00', 'headline'),
(69, 20, '2022-08-04 19:33:00', 29, '0:45:00', 'warm up'),
(70, 20, '2022-08-04 20:43:00', 29, '2:00:00', 'warm up'),
(71, 21, '2022-08-18 18:00:00', 29, '0:58:00', 'warm up'),
(72, 21, '2022-08-18 19:17:00', 29, '1:52:00', 'warm up'),
(73, 21, '2022-08-18 21:29:00', 29, '1:35:00', 'special guest'),
(74, 21, '2022-08-18 23:17:00', 29, '1:31:00', 'headline'),
(75, 22, '2022-11-22 18:00:00', 29, '1:40:00', 'warm up'),
(76, 22, '2022-11-22 19:57:00', 29, '1:46:00', 'special guest'),
(77, 22, '2022-11-22 22:11:00', 29, '0:38:00', 'headline'),
(78, 23, '2021-01-26 18:00:00', 7, '1:34:00', 'headline'),
(79, 23, '2021-01-26 19:39:00', 7, '1:08:00', 'special guest'),
(80, 23, '2021-01-26 21:10:00', 7, '0:49:00', 'headline'),
(81, 24, '2021-12-04 18:00:00', 26, '1:28:00', 'headline'),
(82, 24, '2021-12-04 19:39:00', 26, '1:43:00', 'headline'),
(83, 24, '2021-12-04 21:34:00', 26, '0:35:00', 'headline'),
(84, 24, '2021-12-04 22:37:00', 26, '2:00:00', 'headline'),
(85, 25, '2021-11-13 18:00:00', 20, '1:33:00', 'warm up'),
(86, 25, '2021-11-13 19:42:00', 20, '1:45:00', 'headline'),
(87, 25, '2021-11-13 21:35:00', 20, '0:42:00', 'special guest'),
(88, 25, '2021-11-13 22:36:00', 20, '0:48:00', 'headline'),
(89, 26, '2021-04-30 18:00:00', 26, '0:39:00', 'headline'),
(90, 26, '2021-04-30 19:09:00', 26, '1:13:00', 'special guest'),
(91, 26, '2021-04-30 20:49:00', 26, '1:53:00', 'warm up'),
(92, 26, '2021-04-30 22:57:00', 26, '1:10:00', 'special guest'),
(93, 26, '2021-05-01 00:34:00', 26, '1:39:00', 'warm up'),
(94, 27, '2021-10-26 18:00:00', 2, '1:00:00', 'special guest'),
(95, 27, '2021-10-26 19:26:00', 2, '1:06:00', 'warm up'),
(96, 27, '2021-10-26 21:00:00', 2, '1:25:00', 'warm up'),
(97, 27, '2021-10-26 22:54:00', 2, '2:00:00', 'warm up'),
(98, 28, '2021-10-18 18:00:00', 26, '1:08:00', 'warm up'),
(99, 28, '2021-10-18 19:14:00', 26, '0:37:00', 'headline'),
(100, 28, '2021-10-18 20:07:00', 26, '1:25:00', 'warm up'),
(101, 29, '2021-03-18 18:00:00', 30, '1:22:00', 'special guest'),
(102, 29, '2021-03-18 19:48:00', 30, '0:53:00', 'warm up'),
(103, 30, '2021-01-19 18:00:00', 30, '1:57:00', 'warm up'),
(104, 30, '2021-01-19 20:17:00', 30, '1:44:00', 'warm up'),
(105, 30, '2021-01-19 22:13:00', 30, '1:51:00', 'headline'),
(106, 30, '2021-01-20 00:23:00', 30, '1:55:00', 'warm up'),
(107, 31, '2021-03-09 18:00:00', 26, '1:06:00', 'special guest'),
(108, 31, '2021-03-09 19:28:00', 26, '0:39:00', 'headline'),
(109, 31, '2021-03-09 20:23:00', 26, '1:08:00', 'special guest'),
(110, 32, '2021-02-08 18:00:00', 20, '1:08:00', 'warm up'),
(111, 32, '2021-02-08 19:25:00', 20, '1:31:00', 'warm up'),
(112, 32, '2021-02-08 21:08:00', 20, '1:43:00', 'headline'),
(113, 32, '2021-02-08 23:14:00', 20, '1:59:00', 'headline'),
(114, 33, '2020-01-11 18:00:00', 27, '1:54:00', 'headline'),
(115, 33, '2020-01-11 20:07:00', 27, '1:42:00', 'special guest'),
(116, 33, '2020-01-11 22:18:00', 27, '0:36:00', 'special guest'),
(117, 34, '2020-08-20 18:00:00', 16, '1:06:00', 'warm up'),
(118, 34, '2020-08-20 19:30:00', 16, '1:15:00', 'warm up'),
(119, 34, '2020-08-20 21:10:00', 16, '1:49:00', 'headline'),
(120, 34, '2020-08-20 23:25:00', 16, '1:54:00', 'special guest'),
(121, 34, '2020-08-21 01:28:00', 16, '0:42:00', 'special guest'),
(122, 35, '2020-01-25 18:00:00', 16, '1:09:00', 'headline'),
(123, 35, '2020-01-25 19:15:00', 16, '1:16:00', 'special guest'),
(124, 35, '2020-01-25 20:40:00', 16, '1:07:00', 'headline'),
(125, 35, '2020-01-25 22:15:00', 16, '0:52:00', 'warm up'),
(126, 35, '2020-01-25 23:16:00', 16, '1:39:00', 'headline'),
(127, 36, '2020-10-06 18:00:00', 27, '1:04:00', 'warm up'),
(128, 36, '2020-10-06 19:17:00', 27, '1:31:00', 'headline'),
(129, 36, '2020-10-06 21:16:00', 27, '1:13:00', 'warm up'),
(130, 36, '2020-10-06 22:48:00', 27, '0:48:00', 'warm up'),
(131, 36, '2020-10-07 00:02:00', 27, '1:56:00', 'headline'),
(132, 37, '2020-10-10 18:00:00', 6, '0:41:00', 'headline'),
(133, 37, '2020-10-10 18:46:00', 6, '1:38:00', 'warm up'),
(134, 37, '2020-10-10 20:43:00', 6, '1:56:00', 'special guest'),
(135, 37, '2020-10-10 23:05:00', 6, '1:44:00', 'headline'),
(136, 37, '2020-10-11 01:14:00', 6, '0:43:00', 'special guest'),
(137, 38, '2020-07-31 18:00:00', 23, '0:33:00', 'special guest'),
(138, 38, '2020-07-31 18:55:00', 23, '1:48:00', 'warm up'),
(139, 38, '2020-07-31 21:08:00', 23, '1:51:00', 'headline'),
(140, 39, '2020-07-08 18:00:00', 16, '1:53:00', 'headline'),
(141, 39, '2020-07-08 20:01:00', 16, '0:35:00', 'warm up'),
(142, 39, '2020-07-08 20:50:00', 16, '0:44:00', 'warm up'),
(143, 39, '2020-07-08 21:46:00', 16, '0:47:00', 'headline'),
(144, 39, '2020-07-08 22:52:00', 16, '1:55:00', 'special guest'),
(145, 40, '2020-06-19 18:00:00', 16, '1:23:00', 'special guest'),
(146, 40, '2020-06-19 19:51:00', 16, '0:49:00', 'headline'),
(147, 40, '2020-06-19 21:05:00', 16, '1:32:00', 'special guest'),
(148, 40, '2020-06-19 22:55:00', 16, '0:34:00', 'special guest'),
(149, 40, '2020-06-19 23:45:00', 16, '1:26:00', 'headline'),
(150, 41, '2019-07-19 18:00:00', 24, '0:42:00', 'special guest'),
(151, 41, '2019-07-19 18:58:00', 24, '1:52:00', 'headline'),
(152, 42, '2019-08-10 18:00:00', 10, '1:28:00', 'warm up'),
(153, 42, '2019-08-10 19:54:00', 10, '1:52:00', 'special guest'),
(154, 42, '2019-08-10 22:10:00', 10, '0:36:00', 'headline'),
(155, 43, '2019-06-22 18:00:00', 10, '1:42:00', 'warm up'),
(156, 43, '2019-06-22 19:49:00', 10, '1:40:00', 'warm up'),
(157, 43, '2019-06-22 21:52:00', 10, '0:59:00', 'headline'),
(158, 44, '2019-08-07 18:00:00', 10, '1:46:00', 'warm up'),
(159, 44, '2019-08-07 19:59:00', 10, '0:46:00', 'special guest'),
(160, 44, '2019-08-07 20:58:00', 10, '0:52:00', 'warm up'),
(161, 45, '2019-12-08 18:00:00', 24, '0:46:00', 'warm up'),
(162, 45, '2019-12-08 19:02:00', 24, '1:00:00', 'special guest'),
(163, 45, '2019-12-08 20:17:00', 24, '0:52:00', 'headline'),
(164, 45, '2019-12-08 21:15:00', 24, '1:23:00', 'special guest'),
(165, 45, '2019-12-08 22:46:00', 24, '0:38:00', 'headline'),
(166, 46, '2018-02-28 18:00:00', 5, '1:16:00', 'special guest'),
(167, 46, '2018-02-28 19:39:00', 5, '1:27:00', 'special guest'),
(168, 46, '2018-02-28 21:18:00', 5, '0:35:00', 'special guest'),
(169, 46, '2018-02-28 22:23:00', 5, '1:36:00', 'headline'),
(170, 47, '2018-06-27 18:00:00', 9, '0:33:00', 'warm up'),
(171, 47, '2018-06-27 18:53:00', 9, '1:24:00', 'special guest'),
(172, 47, '2018-06-27 20:25:00', 9, '1:26:00', 'warm up'),
(173, 47, '2018-06-27 21:58:00', 9, '1:47:00', 'warm up'),
(174, 48, '2018-03-26 18:00:00', 9, '1:05:00', 'special guest'),
(175, 48, '2018-03-26 19:30:00', 9, '1:40:00', 'special guest'),
(176, 48, '2018-03-26 21:25:00', 9, '1:46:00', 'special guest'),
(177, 49, '2018-11-12 18:00:00', 9, '1:34:00', 'special guest'),
(178, 49, '2018-11-12 19:52:00', 9, '1:59:00', 'warm up'),
(179, 49, '2018-11-12 22:16:00', 9, '1:40:00', 'special guest'),
(180, 49, '2018-11-13 00:07:00', 9, '1:27:00', 'warm up'),
(181, 50, '2018-07-31 18:00:00', 5, '1:28:00', 'headline'),
(182, 50, '2018-07-31 19:46:00', 5, '0:42:00', 'headline'),
(183, 50, '2018-07-31 20:46:00', 5, '1:55:00', 'headline'),
(184, 50, '2018-07-31 22:57:00', 5, '1:57:00', 'headline'),
(185, 51, '2018-06-02 18:00:00', 5, '0:40:00', 'warm up'),
(186, 51, '2018-06-02 18:58:00', 5, '1:17:00', 'warm up'),
(187, 51, '2018-06-02 20:37:00', 5, '1:45:00', 'special guest'),
(188, 52, '2018-12-13 18:00:00', 5, '1:55:00', 'warm up'),
(189, 52, '2018-12-13 20:13:00', 5, '1:55:00', 'headline'),
(190, 52, '2018-12-13 22:36:00', 5, '1:06:00', 'special guest'),
(191, 52, '2018-12-13 23:56:00', 5, '0:43:00', 'special guest'),
(192, 52, '2018-12-14 01:00:00', 5, '0:49:00', 'special guest'),
(193, 53, '2017-11-18 18:00:00', 13, '0:43:00', 'headline'),
(194, 53, '2017-11-18 19:05:00', 13, '0:44:00', 'headline'),
(195, 53, '2017-11-18 20:12:00', 13, '1:24:00', 'special guest'),
(196, 54, '2017-02-27 18:00:00', 13, '1:56:00', 'special guest'),
(197, 54, '2017-02-27 20:18:00', 13, '1:47:00', 'special guest'),
(198, 54, '2017-02-27 22:32:00', 13, '0:33:00', 'warm up'),
(199, 54, '2017-02-27 23:18:00', 13, '1:09:00', 'headline'),
(200, 55, '2017-08-18 18:00:00', 13, '1:54:00', 'headline'),
(201, 55, '2017-08-18 20:01:00', 13, '1:51:00', 'warm up'),
(202, 56, '2017-03-02 18:00:00', 13, '1:28:00', 'headline'),
(203, 56, '2017-03-02 19:38:00', 13, '1:09:00', 'special guest'),
(204, 56, '2017-03-02 21:02:00', 13, '1:46:00', 'warm up'),
(205, 56, '2017-03-02 22:54:00', 13, '0:50:00', 'special guest'),
(206, 57, '2017-04-18 18:00:00', 13, '0:40:00', 'headline'),
(207, 57, '2017-04-18 18:59:00', 13, '1:24:00', 'headline'),
(208, 57, '2017-04-18 20:47:00', 13, '1:23:00', 'headline'),
(209, 58, '2017-10-11 18:00:00', 13, '0:44:00', 'headline'),
(210, 58, '2017-10-11 19:02:00', 13, '1:06:00', 'special guest'),
(211, 58, '2017-10-11 20:34:00', 13, '1:32:00', 'special guest'),
(212, 59, '2026-02-09 18:00:00', 1, '0:35:00', 'warm up'),
(213, 59, '2026-02-09 18:52:00', 1, '0:37:00', 'warm up'),
(214, 59, '2026-02-09 19:40:00', 1, '0:57:00', 'warm up'),
(215, 59, '2026-02-09 21:06:00', 1, '1:07:00', 'headline'),
(216, 59, '2026-02-09 22:21:00', 1, '1:33:00', 'special guest'),
(217, 60, '2026-12-14 18:00:00', 1, '0:46:00', 'headline'),
(218, 60, '2026-12-14 19:08:00', 1, '1:34:00', 'special guest'),
(219, 60, '2026-12-14 21:08:00', 1, '0:39:00', 'headline'),
(220, 61, '2026-06-29 18:00:00', 1, '0:39:00', 'headline'),
(221, 61, '2026-06-29 19:02:00', 1, '1:43:00', 'headline'),
(222, 61, '2026-06-29 21:12:00', 1, '1:23:00', 'headline'),
(223, 62, '2026-09-22 18:00:00', 1, '0:32:00', 'headline'),
(224, 62, '2026-09-22 18:42:00', 1, '1:28:00', 'special guest'),
(225, 62, '2026-09-22 20:26:00', 1, '1:25:00', 'warm up'),
(226, 63, '2026-04-21 18:00:00', 1, '1:45:00', 'headline'),
(227, 63, '2026-04-21 20:06:00', 1, '1:20:00', 'headline'),
(228, 63, '2026-04-21 21:54:00', 1, '0:58:00', 'headline'),
(229, 64, '2026-10-11 18:00:00', 1, '1:35:00', 'special guest'),
(230, 64, '2026-10-11 19:43:00', 1, '1:35:00', 'warm up'),
(231, 64, '2026-10-11 21:47:00', 1, '1:14:00', 'special guest'),
(232, 65, '2026-05-27 18:00:00', 1, '1:00:00', 'warm up'),
(233, 65, '2026-05-27 19:09:00', 1, '0:55:00', 'warm up'),
(234, 65, '2026-05-27 20:28:00', 1, '1:53:00', 'warm up'),
(235, 65, '2026-05-27 22:31:00', 1, '1:33:00', 'headline'),
(236, 66, '2026-12-02 18:00:00', 1, '1:42:00', 'special guest'),
(237, 66, '2026-12-02 20:07:00', 1, '1:11:00', 'special guest'),
(238, 66, '2026-12-02 21:33:00', 1, '1:26:00', 'warm up'),
(239, 66, '2026-12-02 23:19:00', 1, '1:50:00', 'headline'),
(240, 67, '2027-05-19 18:00:00', 3, '0:37:00', 'headline'),
(241, 67, '2027-05-19 18:58:00', 3, '1:09:00', 'headline'),
(242, 67, '2027-05-19 20:26:00', 3, '0:37:00', 'headline'),
(243, 68, '2027-04-09 18:00:00', 17, '1:46:00', 'special guest'),
(244, 68, '2027-04-09 20:03:00', 17, '1:44:00', 'special guest'),
(245, 68, '2027-04-09 22:17:00', 17, '1:27:00', 'special guest'),
(246, 69, '2027-02-28 18:00:00', 18, '1:11:00', 'special guest'),
(247, 69, '2027-02-28 19:31:00', 18, '0:49:00', 'warm up'),
(248, 69, '2027-02-28 20:39:00', 18, '1:13:00', 'special guest'),
(249, 69, '2027-02-28 21:59:00', 18, '1:52:00', 'warm up'),
(250, 69, '2027-02-28 23:57:00', 18, '2:00:00', 'headline'),
(251, 70, '2027-03-16 18:00:00', 3, '1:36:00', 'special guest'),
(252, 70, '2027-03-16 19:46:00', 3, '1:17:00', 'headline'),
(253, 70, '2027-03-16 21:20:00', 3, '1:13:00', 'special guest'),
(254, 70, '2027-03-16 22:57:00', 3, '1:50:00', 'special guest'),
(255, 71, '2027-12-06 18:00:00', 17, '1:12:00', 'warm up'),
(256, 71, '2027-12-06 19:34:00', 17, '1:19:00', 'headline'),
(257, 72, '2027-08-19 18:00:00', 18, '0:40:00', 'special guest'),
(258, 72, '2027-08-19 19:06:00', 18, '1:14:00', 'headline'),
(259, 72, '2027-08-19 20:45:00', 18, '1:20:00', 'warm up'),
(260, 73, '2027-07-03 18:00:00', 3, '1:09:00', 'special guest'),
(261, 73, '2027-07-03 19:26:00', 3, '1:12:00', 'warm up'),
(262, 73, '2027-07-03 21:04:00', 3, '1:37:00', 'warm up'),
(263, 73, '2027-07-03 23:06:00', 3, '1:24:00', 'special guest'),
(264, 73, '2027-07-04 00:46:00', 3, '1:16:00', 'headline'),
(265, 74, '2027-11-17 18:00:00', 17, '1:13:00', 'headline'),
(266, 74, '2027-11-17 19:24:00', 17, '0:47:00', 'warm up'),
(267, 74, '2027-11-17 20:18:00', 17, '0:42:00', 'special guest'),
(268, 75, '2027-11-16 18:00:00', 11, '0:34:00', 'special guest'),
(269, 75, '2027-11-16 18:49:00', 11, '0:46:00', 'special guest'),
(270, 75, '2027-11-16 19:52:00', 11, '0:50:00', 'warm up'),
(271, 75, '2027-11-16 21:09:00', 11, '0:51:00', 'special guest'),
(272, 75, '2027-11-16 22:19:00', 11, '1:22:00', 'headline'),
(273, 76, '2027-01-29 18:00:00', 11, '1:26:00', 'special guest'),
(274, 76, '2027-01-29 19:40:00', 11, '0:59:00', 'special guest'),
(275, 76, '2027-01-29 20:51:00', 11, '1:30:00', 'warm up'),
(276, 76, '2027-01-29 22:37:00', 11, '1:43:00', 'headline'),
(277, 76, '2027-01-30 00:39:00', 11, '1:18:00', 'special guest');

INSERT INTO performance_members (performance_id, artist_id, group_id) VALUES
(1, 37, NULL),
(2, 41, 6),
(2, 17, 6),
(2, 11, 6),
(3, 37, NULL),
(4, 37, NULL),
(5, 1, 5),
(5, 22, 5),
(5, 50, 5),
(6, 49, NULL),
(7, 43, NULL),
(8, 47, NULL),
(9, 3, 9),
(9, 24, 9),
(9, 38, 9),
(9, 36, 9),
(9, 10, 9),
(10, 46, 2),
(10, 22, 2),
(10, 14, 2),
(11, 29, 7),
(11, 36, 7),
(11, 46, 7),
(11, 28, 7),
(11, 1, 7),
(12, 40, NULL),
(13, 34, NULL),
(14, 3, 9),
(14, 24, 9),
(14, 38, 9),
(14, 36, 9),
(14, 10, 9),
(15, 44, NULL),
(16, 37, NULL),
(17, 16, NULL),
(18, 9, 10),
(18, 3, 10),
(18, 20, 10),
(18, 24, 10),
(19, 30, NULL),
(20, 3, 9),
(20, 24, 9),
(20, 38, 9),
(20, 36, 9),
(20, 10, 9),
(21, 27, NULL),
(22, 26, NULL),
(23, 9, 10),
(23, 3, 10),
(23, 20, 10),
(23, 24, 10),
(24, 8, NULL),
(25, 21, NULL),
(26, 2, NULL),
(27, 41, 6),
(27, 17, 6),
(27, 11, 6),
(28, 8, NULL),
(29, 12, NULL),
(30, 8, NULL),
(31, 42, NULL),
(32, 46, 2),
(32, 22, 2),
(32, 14, 2),
(33, 31, NULL),
(34, 41, 4),
(34, 28, 4),
(34, 18, 4),
(35, 42, NULL),
(36, 15, NULL),
(37, 35, NULL),
(38, 34, NULL),
(39, 25, NULL),
(40, 41, 6),
(40, 17, 6),
(40, 11, 6),
(41, 40, NULL),
(42, 1, 5),
(42, 22, 5),
(42, 50, 5),
(43, 35, NULL),
(44, 27, NULL),
(45, 31, NULL),
(46, 23, NULL),
(47, 42, NULL),
(48, 40, NULL),
(49, 42, NULL),
(50, 5, 8),
(50, 45, 8),
(50, 10, 8),
(51, 13, NULL),
(52, 43, NULL),
(53, 13, NULL),
(54, 6, NULL),
(55, 7, NULL),
(56, 41, 4),
(56, 28, 4),
(56, 18, 4),
(57, 29, 7),
(57, 36, 7),
(57, 46, 7),
(57, 28, 7),
(57, 1, 7),
(58, 46, 2),
(58, 22, 2),
(58, 14, 2),
(59, 15, NULL),
(60, 29, 7),
(60, 36, 7),
(60, 46, 7),
(60, 28, 7),
(60, 1, 7),
(61, 7, NULL),
(62, 35, NULL),
(63, 18, 1),
(63, 19, 1),
(63, 39, 1),
(64, 9, 10),
(64, 3, 10),
(64, 20, 10),
(64, 24, 10),
(65, 27, NULL),
(66, 29, 7),
(66, 36, 7),
(66, 46, 7),
(66, 28, 7),
(66, 1, 7),
(67, 8, NULL),
(68, 21, NULL),
(69, 29, 7),
(69, 36, 7),
(69, 46, 7),
(69, 28, 7),
(69, 1, 7),
(70, 34, NULL),
(71, 13, NULL),
(72, 16, NULL),
(73, 40, NULL),
(74, 46, 2),
(74, 22, 2),
(74, 14, 2),
(75, 1, 5),
(75, 22, 5),
(75, 50, 5),
(76, 27, NULL),
(77, 21, NULL),
(78, 44, NULL),
(79, 40, NULL),
(80, 29, 7),
(80, 36, 7),
(80, 46, 7),
(80, 28, 7),
(80, 1, 7),
(81, 18, 1),
(81, 19, 1),
(81, 39, 1),
(82, 34, NULL),
(83, 41, 3),
(83, 17, 3),
(83, 33, 3),
(83, 32, 3),
(83, 4, 3),
(84, 29, 7),
(84, 36, 7),
(84, 46, 7),
(84, 28, 7),
(84, 1, 7),
(85, 23, NULL),
(86, 9, 10),
(86, 3, 10),
(86, 20, 10),
(86, 24, 10),
(87, 41, 6),
(87, 17, 6),
(87, 11, 6),
(88, 2, NULL),
(89, 23, NULL),
(90, 37, NULL),
(91, 41, 3),
(91, 17, 3),
(91, 33, 3),
(91, 32, 3),
(91, 4, 3),
(92, 46, 2),
(92, 22, 2),
(92, 14, 2),
(93, 3, 9),
(93, 24, 9),
(93, 38, 9),
(93, 36, 9),
(93, 10, 9),
(94, 7, NULL),
(95, 5, 8),
(95, 45, 8),
(95, 10, 8),
(96, 7, NULL),
(97, 47, NULL),
(98, 49, NULL),
(99, 25, NULL),
(100, 26, NULL),
(101, 37, NULL),
(102, 41, 4),
(102, 28, 4),
(102, 18, 4),
(103, 44, NULL),
(104, 5, 8),
(104, 45, 8),
(104, 10, 8),
(105, 31, NULL),
(106, 21, NULL),
(107, 29, 7),
(107, 36, 7),
(107, 46, 7),
(107, 28, 7),
(107, 1, 7),
(108, 13, NULL),
(109, 43, NULL),
(110, 41, 6),
(110, 17, 6),
(110, 11, 6),
(111, 41, 6),
(111, 17, 6),
(111, 11, 6),
(112, 27, NULL),
(113, 23, NULL),
(114, 41, 6),
(114, 17, 6),
(114, 11, 6),
(115, 2, NULL),
(116, 41, 3),
(116, 17, 3),
(116, 33, 3),
(116, 32, 3),
(116, 4, 3),
(117, 42, NULL),
(118, 41, 6),
(118, 17, 6),
(118, 11, 6),
(119, 16, NULL),
(120, 1, 5),
(120, 22, 5),
(120, 50, 5),
(121, 49, NULL),
(122, 7, NULL),
(123, 47, NULL),
(124, 8, NULL),
(125, 35, NULL),
(126, 41, 6),
(126, 17, 6),
(126, 11, 6),
(127, 43, NULL),
(128, 29, 7),
(128, 36, 7),
(128, 46, 7),
(128, 28, 7),
(128, 1, 7),
(129, 5, 8),
(129, 45, 8),
(129, 10, 8),
(130, 8, NULL),
(131, 41, 4),
(131, 28, 4),
(131, 18, 4),
(132, 30, NULL),
(133, 23, NULL),
(134, 30, NULL),
(135, 23, NULL),
(136, 30, NULL),
(137, 42, NULL),
(138, 26, NULL),
(139, 8, NULL),
(140, 25, NULL),
(141, 13, NULL),
(142, 42, NULL),
(143, 44, NULL),
(144, 30, NULL),
(145, 47, NULL),
(146, 41, 6),
(146, 17, 6),
(146, 11, 6),
(147, 12, NULL),
(148, 25, NULL),
(149, 21, NULL),
(150, 35, NULL),
(151, 48, NULL),
(152, 12, NULL),
(153, 23, NULL),
(154, 6, NULL),
(155, 15, NULL),
(156, 5, 8),
(156, 45, 8),
(156, 10, 8),
(157, 23, NULL),
(158, 3, 9),
(158, 24, 9),
(158, 38, 9),
(158, 36, 9),
(158, 10, 9),
(159, 15, NULL),
(160, 3, 9),
(160, 24, 9),
(160, 38, 9),
(160, 36, 9),
(160, 10, 9),
(161, 6, NULL),
(162, 3, 9),
(162, 24, 9),
(162, 38, 9),
(162, 36, 9),
(162, 10, 9),
(163, 6, NULL),
(164, 15, NULL),
(165, 29, 7),
(165, 36, 7),
(165, 46, 7),
(165, 28, 7),
(165, 1, 7),
(166, 3, 9),
(166, 24, 9),
(166, 38, 9),
(166, 36, 9),
(166, 10, 9),
(167, 12, NULL),
(168, 18, 1),
(168, 19, 1),
(168, 39, 1),
(169, 1, 5),
(169, 22, 5),
(169, 50, 5),
(170, 41, 3),
(170, 17, 3),
(170, 33, 3),
(170, 32, 3),
(170, 4, 3),
(171, 37, NULL),
(172, 44, NULL),
(173, 31, NULL),
(174, 15, NULL),
(175, 49, NULL),
(176, 37, NULL),
(177, 43, NULL),
(178, 12, NULL),
(179, 41, 3),
(179, 17, 3),
(179, 33, 3),
(179, 32, 3),
(179, 4, 3),
(180, 42, NULL),
(181, 31, NULL),
(182, 5, 8),
(182, 45, 8),
(182, 10, 8),
(183, 31, NULL),
(184, 15, NULL),
(185, 8, NULL),
(186, 12, NULL),
(187, 7, NULL),
(188, 31, NULL),
(189, 35, NULL),
(190, 7, NULL),
(191, 35, NULL),
(192, 23, NULL),
(193, 26, NULL),
(194, 37, NULL),
(195, 26, NULL),
(196, 41, 3),
(196, 17, 3),
(196, 33, 3),
(196, 32, 3),
(196, 4, 3),
(197, 6, NULL),
(198, 30, NULL),
(199, 3, 9),
(199, 24, 9),
(199, 38, 9),
(199, 36, 9),
(199, 10, 9),
(200, 18, 1),
(200, 19, 1),
(200, 39, 1),
(201, 15, NULL),
(202, 43, NULL),
(203, 37, NULL),
(204, 18, 1),
(204, 19, 1),
(204, 39, 1),
(205, 15, NULL),
(206, 41, 6),
(206, 17, 6),
(206, 11, 6),
(207, 41, 6),
(207, 17, 6),
(207, 11, 6),
(208, 44, NULL),
(209, 48, NULL),
(210, 12, NULL),
(211, 18, 1),
(211, 19, 1),
(211, 39, 1),
(212, 35, NULL),
(213, 1, 5),
(213, 22, 5),
(213, 50, 5),
(214, 35, NULL),
(215, 31, NULL),
(216, 6, NULL),
(217, 25, NULL),
(218, 30, NULL),
(219, 42, NULL),
(220, 47, NULL),
(221, 44, NULL),
(222, 41, 6),
(222, 17, 6),
(222, 11, 6),
(223, 43, NULL),
(224, 1, 5),
(224, 22, 5),
(224, 50, 5),
(225, 8, NULL),
(226, 44, NULL),
(227, 8, NULL),
(228, 37, NULL),
(229, 8, NULL),
(230, 49, NULL),
(231, 42, NULL),
(232, 16, NULL),
(233, 31, NULL),
(234, 16, NULL),
(235, 41, 6),
(235, 17, 6),
(235, 11, 6),
(236, 3, 9),
(236, 24, 9),
(236, 38, 9),
(236, 36, 9),
(236, 10, 9),
(237, 1, 5),
(237, 22, 5),
(237, 50, 5),
(238, 16, NULL),
(239, 47, NULL),
(240, 41, 3),
(240, 17, 3),
(240, 33, 3),
(240, 32, 3),
(240, 4, 3),
(241, 8, NULL),
(242, 7, NULL),
(243, 1, 5),
(243, 22, 5),
(243, 50, 5),
(244, 47, NULL),
(245, 7, NULL),
(246, 26, NULL),
(247, 49, NULL),
(248, 15, NULL),
(249, 49, NULL),
(250, 30, NULL),
(251, 49, NULL),
(252, 42, NULL),
(253, 44, NULL),
(254, 7, NULL),
(255, 8, NULL),
(256, 3, 9),
(256, 24, 9),
(256, 38, 9),
(256, 36, 9),
(256, 10, 9),
(257, 37, NULL),
(258, 16, NULL),
(259, 3, 9),
(259, 24, 9),
(259, 38, 9),
(259, 36, 9),
(259, 10, 9),
(260, 8, NULL),
(261, 41, 6),
(261, 17, 6),
(261, 11, 6),
(262, 3, 9),
(262, 24, 9),
(262, 38, 9),
(262, 36, 9),
(262, 10, 9),
(263, 3, 9),
(263, 24, 9),
(263, 38, 9),
(263, 36, 9),
(263, 10, 9),
(264, 6, NULL),
(265, 26, NULL),
(266, 30, NULL),
(267, 35, NULL),
(268, 49, NULL),
(269, 1, 5),
(269, 22, 5),
(269, 50, 5),
(270, 16, NULL),
(271, 1, 5),
(271, 22, 5),
(271, 50, 5),
(272, 7, NULL),
(273, 30, NULL),
(274, 47, NULL),
(275, 35, NULL),
(276, 3, 9),
(276, 24, 9),
(276, 38, 9),
(276, 36, 9),
(276, 10, 9),
(277, 35, NULL);

INSERT INTO Visitor (visitor_id, first_name, last_name, email, phone, age) VALUES
(1, 'Kaylee', 'Mullen', 'greerhannah@example.net', '(904)853-5295x53653', 70),
(2, 'Sarah', 'Jones', 'mariolee@example.com', '490-205-8756', 30),
(3, 'Cody', 'Heath', 'larry02@example.net', '001-370-903-8167x78170', 69),
(4, 'Shane', 'Patterson', 'nmckenzie@example.com', '890.301.0700x73014', 56),
(5, 'Christopher', 'Rodriguez', 'kimberly36@example.net', '202.338.6055', 26),
(6, 'Melissa', 'Hickman', 'xbradshaw@example.com', '(482)955-3200', 73),
(7, 'Jacqueline', 'Thompson', 'laurataylor@example.com', '3814211494', 34),
(8, 'John', 'Glenn', 'howellelijah@example.org', '(266)413-7131x12335', 21),
(9, 'Robert', 'Ramirez', 'allisonmoreno@example.com', '847.445.6531', 59),
(10, 'Pamela', 'Burton', 'perryjon@example.org', '+1-594-901-2916x336', 48),
(11, 'Melanie', 'Wright', 'laura26@example.net', '417-836-7446x042', 73),
(12, 'Paul', 'Wagner', 'jstewart@example.org', '4007896462', 41),
(13, 'Angela', 'Ray', 'fwilson@example.org', '+1-579-203-4855', 53),
(14, 'Theodore', 'Rodgers', 'ybowen@example.org', '+1-540-456-1886x19401', 77),
(15, 'David', 'Lane', 'sierra39@example.com', '(995)543-9105', 24),
(16, 'Denise', 'Branch', 'andreacox@example.com', '001-953-713-9884x124', 63),
(17, 'Miguel', 'Garcia', 'jsharp@example.org', '(483)666-9123x0966', 72),
(18, 'Timothy', 'Hall', 'rodney90@example.org', '790-271-0501x154', 51),
(19, 'Rachel', 'Wilson', 'coxnicholas@example.com', '(875)214-0660x790', 72),
(20, 'Mckenzie', 'Mora', 'kortiz@example.com', '+1-907-678-3304', 25),
(21, 'Megan', 'Hernandez', 'collinsjorge@example.net', '001-202-227-2295', 36),
(22, 'Anna', 'Mcintyre', 'frederickjeffrey@example.net', '257-242-0334', 23),
(23, 'Raymond', 'Blanchard', 'asanders@example.org', '4715572223', 66),
(24, 'Natalie', 'Frost', 'christopherbarnes@example.net', '259.629.9644', 28),
(25, 'Randall', 'Rodriguez', 'cgrant@example.net', '001-224-889-6156x674', 35),
(26, 'Sarah', 'Carrillo', 'connoryoung@example.com', '(688)352-2455', 46),
(27, 'Terry', 'Pope', 'maria53@example.com', '4417266928', 75),
(28, 'Robert', 'Matthews', 'summernolan@example.org', '274.545.8429x70564', 50),
(29, 'Whitney', 'Gomez', 'cindyashley@example.com', '001-328-257-0459x86978', 27),
(30, 'Erin', 'Wright', 'ldavis@example.org', '001-618-808-0010x8661', 71),
(31, 'Kelly', 'Garcia', 'erika51@example.net', '550-243-7203', 45),
(32, 'Bradley', 'Arias', 'bramsey@example.org', '380-389-8636', 23),
(33, 'Michelle', 'Wong', 'roberthernandez@example.org', '(439)438-3890x49287', 78),
(34, 'Morgan', 'Matthews', 'pfernandez@example.org', '(938)247-2225', 76),
(35, 'Patrick', 'Phillips', 'scott75@example.org', '264-762-6686', 32),
(36, 'Joshua', 'Jackson', 'jeanne19@example.com', '456-770-4347x03794', 70),
(37, 'Felicia', 'Graham', 'ucross@example.net', '(219)919-1064x8699', 46),
(38, 'Megan', 'Stewart', 'jmartinez@example.org', '8498162612', 74),
(39, 'Sandra', 'Martin', 'rebecca62@example.net', '(221)280-5708', 40),
(40, 'Vanessa', 'Collins', 'richardmercer@example.org', '991.813.3289x47715', 77),
(41, 'Shannon', 'Jenkins', 'jaredjohnson@example.org', '+1-560-414-0462x78934', 19),
(42, 'Rebecca', 'Anderson', 'jacqueline84@example.org', '+1-936-781-8992x8169', 44),
(43, 'Tina', 'Harrison', 'lindsay01@example.net', '+1-814-494-0103', 21),
(44, 'Kristina', 'Russell', 'vrichard@example.org', '980-866-8030', 43),
(45, 'Jessica', 'Cantrell', 'michaelholmes@example.com', '929.773.7085x318', 50),
(46, 'David', 'Martinez', 'vasquezmatthew@example.com', '001-661-249-6143x9241', 41),
(47, 'Megan', 'Wilcox', 'brandyrivera@example.net', '001-877-715-6002x2559', 33),
(48, 'John', 'Franklin', 'hallthomas@example.com', '+1-442-382-7829x75070', 42),
(49, 'Steven', 'Young', 'pthomas@example.org', '7178985064', 23),
(50, 'Vernon', 'Mcgrath', 'ztucker@example.net', '514-483-6014x65419', 41),
(51, 'Daniel', 'Holland', 'ray88@example.net', '001-706-223-3280', 32),
(52, 'Holly', 'Mckay', 'derrickporter@example.org', '587.887.6560', 19),
(53, 'Casey', 'Acosta', 'jonesaaron@example.net', '001-489-655-4322x087', 38),
(54, 'Haley', 'Smith', 'bhernandez@example.net', '(855)283-2760', 77),
(55, 'Julie', 'Castillo', 'bsanchez@example.com', '(220)571-2763x90217', 24),
(56, 'Megan', 'Johnson', 'ocunningham@example.com', '685-588-5477', 71),
(57, 'Ashley', 'Wilson', 'ihansen@example.net', '897.737.2913', 63),
(58, 'Donna', 'Thompson', 'crystalhowell@example.org', '325.383.4126x564', 59),
(59, 'Andrea', 'Young', 'wcole@example.net', '596-901-2259x15225', 39),
(60, 'Jessica', 'Howard', 'kristen46@example.com', '(396)395-2301', 68),
(61, 'Mitchell', 'Mayo', 'mbennett@example.com', '(370)922-4938', 27),
(62, 'Cory', 'Watkins', 'susanbaxter@example.net', '434.228.3798', 26),
(63, 'Marisa', 'Jacobs', 'rhart@example.org', '7157970008', 20),
(64, 'Glenn', 'Potter', 'ocalhoun@example.net', '482-861-3184', 36),
(65, 'Kevin', 'Fields', 'flang@example.com', '+1-227-831-9455x48788', 76),
(66, 'Kathleen', 'Warner', 'ubrown@example.org', '827-872-8720', 71),
(67, 'Eddie', 'Booth', 'philip89@example.com', '001-448-735-0934x248', 48),
(68, 'Kevin', 'Saunders', 'janet88@example.org', '6229088098', 62),
(69, 'Mariah', 'Hicks', 'amycox@example.org', '+1-779-389-0572x4326', 71),
(70, 'Cindy', 'Cobb', 'barbara18@example.net', '6759042941', 26),
(71, 'Heather', 'Johnston', 'dustinhodges@example.net', '+1-743-555-6100', 66),
(72, 'David', 'Washington', 'smiller@example.com', '(287)282-6606', 63),
(73, 'Amanda', 'Robinson', 'keith30@example.org', '723.704.3214x620', 48),
(74, 'Michael', 'Padilla', 'shawlori@example.org', '001-362-468-4646x1385', 46),
(75, 'Marisa', 'Johnson', 'jessica51@example.net', '001-322-762-3761x79192', 57),
(76, 'Timothy', 'Phelps', 'mcgeejennifer@example.com', '350.700.3950x748', 18),
(77, 'Caitlin', 'Cook', 'sandra53@example.org', '001-407-458-8691x7578', 75),
(78, 'Steven', 'Morgan', 'markbrown@example.com', '+1-865-431-1698x32176', 23),
(79, 'Tammy', 'George', 'davidmayo@example.net', '001-893-958-8598x330', 19),
(80, 'Jared', 'Johnson', 'bgolden@example.net', '874-742-5113', 34),
(81, 'Erica', 'Love', 'mackenzie98@example.com', '001-965-813-2616x161', 31),
(82, 'Colleen', 'Shannon', 'jenniferdonaldson@example.net', '803.985.5466', 71),
(83, 'Tasha', 'Bradley', 'nguyenstephanie@example.com', '001-857-776-6020x45901', 27),
(84, 'Kurt', 'Richardson', 'richardsonanne@example.net', '595.842.4962x6709', 53),
(85, 'Rebecca', 'Jenkins', 'spearsjacqueline@example.com', '+1-247-989-7160x540', 78),
(86, 'Sandra', 'West', 'mendozamatthew@example.org', '971.657.0412', 64),
(87, 'Denise', 'Kelley', 'jessica11@example.net', '(688)374-4656', 56),
(88, 'Ashley', 'Anderson', 'bethmoran@example.org', '(288)240-0283x866', 51),
(89, 'David', 'Gardner', 'bethroberts@example.net', '+1-952-985-5429x76269', 45),
(90, 'Tiffany', 'Torres', 'mcbridechristina@example.net', '001-576-294-9103x470', 25),
(91, 'Andrew', 'Bailey', 'jacquelinewilson@example.org', '(792)235-0065', 67),
(92, 'Veronica', 'Richard', 'mark22@example.net', '(645)658-8284x3833', 36),
(93, 'John', 'Kim', 'jclark@example.org', '+1-970-509-7353x36821', 33),
(94, 'Marie', 'Reid', 'woodsjason@example.net', '+1-491-402-1274x58810', 37),
(95, 'Bethany', 'Waller', 'josephnorris@example.net', '702-300-2264', 25),
(96, 'Hannah', 'Henry', 'bennettchristopher@example.org', '674.346.6622', 21),
(97, 'Joshua', 'Hunter', 'lisa14@example.net', '+1-329-213-9684x28485', 33),
(98, 'Dustin', 'Jones', 'zgibbs@example.net', '+1-732-273-6469x29045', 44),
(99, 'William', 'Conrad', 'castanedajason@example.net', '495-938-8226x4136', 58),
(100, 'Meagan', 'Rojas', 'becky95@example.net', '(461)966-9158', 68),
(101, 'James', 'Miller', 'bradley25@example.org', '236-766-3138x25798', 57),
(102, 'Maria', 'Stevens', 'josesherman@example.net', '801-904-4631', 47),
(103, 'Christopher', 'Green', 'hturner@example.net', '+1-204-599-5017x36078', 22),
(104, 'Debra', 'Obrien', 'barbarahiggins@example.org', '6517456514', 25),
(105, 'Cameron', 'Graves', 'adamsmary@example.net', '625-221-0079', 71),
(106, 'Nicholas', 'Pittman', 'joyce60@example.net', '693.991.1882x37688', 75),
(107, 'Tara', 'Miller', 'nicholasreid@example.com', '812-615-1385x90999', 49),
(108, 'Alicia', 'Stanley', 'michaelmayer@example.com', '809.819.4935', 56),
(109, 'Emily', 'Johnson', 'cochranjeffrey@example.com', '001-450-831-3436x0058', 52),
(110, 'Brenda', 'Allen', 'snydernatalie@example.net', '627-807-7349x474', 19),
(111, 'Michael', 'Arnold', 'marywarren@example.net', '+1-780-297-5024', 58),
(112, 'Tracy', 'Bryant', 'rachelsanchez@example.com', '+1-546-709-6437x660', 50),
(113, 'Tanya', 'Murphy', 'zguzman@example.com', '(531)450-1439', 54),
(114, 'Michael', 'Brooks', 'pgonzalez@example.org', '(435)416-4529x87673', 33),
(115, 'Michael', 'Lee', 'williammann@example.org', '658-352-3120x19233', 63),
(116, 'Ryan', 'Macias', 'hardykeith@example.net', '961-538-0797x197', 27),
(117, 'Ricardo', 'Pearson', 'elizabethwallace@example.net', '2726374459', 36),
(118, 'Robert', 'Thompson', 'allenramirez@example.com', '001-622-446-7407x961', 45),
(119, 'Rachel', 'Bartlett', 'jamie09@example.com', '365.598.3616x73480', 18),
(120, 'Theresa', 'Murray', 'leetanner@example.org', '(352)317-5967', 57),
(121, 'Kristin', 'Cox', 'joseph91@example.com', '285.541.2370', 40),
(122, 'Zachary', 'Walker', 'michellegonzalez@example.net', '389-840-3386x76661', 33),
(123, 'Kylie', 'Cooper', 'kristennorton@example.net', '(859)771-7922x9438', 54),
(124, 'Donna', 'Delgado', 'ncampos@example.com', '(527)296-7507x769', 44),
(125, 'David', 'White', 'burchryan@example.net', '332-597-8656x288', 29),
(126, 'Vicki', 'Kim', 'kaiserashley@example.com', '524.365.7256', 60),
(127, 'Andrew', 'Schroeder', 'jillianwalker@example.com', '406-992-6382x477', 60),
(128, 'Elizabeth', 'Cunningham', 'mackenzie82@example.net', '242.664.5350x80070', 23),
(129, 'Elizabeth', 'Reilly', 'brownrandall@example.net', '880.403.7119x0131', 51),
(130, 'Michelle', 'Flynn', 'cpatterson@example.com', '931-368-4657x10520', 80),
(131, 'Gregory', 'Garcia', 'stacey50@example.com', '(417)885-4205x845', 41),
(132, 'James', 'Johnson', 'michelleevans@example.com', '+1-500-775-2093x619', 22),
(133, 'Walter', 'Griffin', 'imorris@example.net', '(257)760-9382x6067', 79),
(134, 'Vanessa', 'Decker', 'smendez@example.org', '3502061879', 51),
(135, 'Heather', 'Martinez', 'tylermccullough@example.com', '860-480-5213x26981', 52),
(136, 'Kimberly', 'Davis', 'fmartinez@example.net', '220-780-1447x308', 50),
(137, 'Savannah', 'Moore', 'bwarren@example.net', '+1-686-335-1631x3619', 68),
(138, 'Kimberly', 'Lambert', 'nmaddox@example.net', '001-970-705-9460x46979', 50),
(139, 'Gail', 'Barker', 'johnsonadam@example.org', '(276)551-3140x7888', 53),
(140, 'Taylor', 'Johnson', 'john58@example.net', '+1-230-324-3083x417', 19),
(141, 'Elizabeth', 'Bryant', 'taylorbrown@example.org', '815-302-3665', 42),
(142, 'Ronnie', 'Perry', 'beth50@example.com', '8732908909', 73),
(143, 'Robert', 'Johnson', 'steven07@example.org', '001-412-419-2188x455', 48),
(144, 'Alexis', 'Flores', 'jonathan21@example.net', '497-479-8826x55160', 20),
(145, 'Karen', 'Porter', 'vnelson@example.org', '+1-240-243-4909x4804', 58),
(146, 'Tyler', 'Johnson', 'christy68@example.org', '657-928-7745', 42),
(147, 'Kyle', 'Ray', 'hollydavis@example.org', '001-268-522-1547x920', 80),
(148, 'Jack', 'Knight', 'amanda13@example.com', '607-715-9316x33813', 41),
(149, 'Sarah', 'Reed', 'dawn26@example.net', '+1-557-215-9900x855', 34),
(150, 'Mark', 'Lopez', 'gabriel69@example.net', '821.456.1227x30855', 65);

INSERT INTO Ticket (ticket_id, event_id, visitor_id, ticket_category, price, purchase_date, payment_method, ean_code, activated) VALUES
(1, 3, 92, 'general', 101.72, '2024-06-03', 'bank_transfer', '8252368696339', True),
(2, 75, 86, 'general', 56.65, '2025-03-24', 'bank_transfer', '1321198670523', False),
(3, 23, 119, 'backstage', 144.76, '2020-10-02', 'credit_card', '1322816437580', True),
(4, 59, 10, 'backstage', 80.24, '2025-02-14', 'credit_card', '2201081657437', True),
(5, 41, 80, 'backstage', 198.37, '2019-01-23', 'bank_transfer', '6683413183405', False),
(6, 33, 10, 'general', 92.92, '2019-07-22', 'credit_card', '6508729493102', False),
(7, 35, 32, 'backstage', 183.42, '2019-11-30', 'bank_transfer', '1436523261021', False),
(8, 50, 87, 'general', 124.43, '2018-02-03', 'debit_card', '4394684320025', False),
(9, 67, 69, 'general', 159.06, '2024-12-26', 'credit_card', '4194436923715', False),
(10, 24, 140, 'general', 62.01, '2021-06-23', 'bank_transfer', '1416289571589', False),
(11, 40, 115, 'backstage', 75.0, '2020-02-12', 'debit_card', '0048470041345', False),
(12, 58, 11, 'backstage', 142.23, '2017-05-08', 'debit_card', '9342669757040', False),
(13, 8, 20, 'backstage', 104.5, '2023-10-21', 'bank_transfer', '4577421761385', True),
(14, 4, 37, 'backstage', 55.22, '2024-04-01', 'credit_card', '8680499410522', True),
(15, 47, 93, 'backstage', 192.42, '2018-03-12', 'credit_card', '2565670239689', True),
(16, 58, 95, 'general', 136.09, '2017-06-20', 'bank_transfer', '6046268745097', False),
(17, 51, 81, 'backstage', 87.44, '2018-02-27', 'credit_card', '6411215238302', True),
(18, 24, 128, 'general', 89.27, '2021-08-07', 'debit_card', '3759620188281', False),
(19, 28, 74, 'backstage', 80.03, '2021-04-28', 'credit_card', '9274251799056', True),
(20, 58, 45, 'backstage', 199.59, '2017-09-23', 'bank_transfer', '3138452457596', False),
(21, 45, 17, 'backstage', 183.7, '2019-10-22', 'credit_card', '4581346943610', True),
(22, 47, 131, 'general', 68.2, '2018-05-30', 'credit_card', '4392918186140', True),
(23, 31, 127, 'VIP', 366.21, '2020-12-10', 'debit_card', '6015370697174', False),
(24, 71, 34, 'general', 59.86, '2025-02-06', 'debit_card', '5069444013736', False),
(25, 68, 106, 'backstage', 173.5, '2025-02-12', 'credit_card', '8933286352209', True),
(26, 41, 19, 'backstage', 119.87, '2019-01-26', 'bank_transfer', '7605789143141', False),
(27, 17, 142, 'general', 165.17, '2022-01-04', 'credit_card', '6151170407619', False),
(28, 65, 15, 'general', 127.72, '2025-01-13', 'debit_card', '9574504301914', True),
(29, 21, 83, 'general', 101.9, '2022-03-22', 'bank_transfer', '6741440919425', False),
(30, 11, 65, 'general', 145.26, '2023-03-06', 'bank_transfer', '7361348308740', False),
(31, 17, 78, 'general', 125.39, '2021-12-08', 'credit_card', '6368805679833', True),
(32, 22, 87, 'general', 173.79, '2022-07-16', 'credit_card', '9532248603992', True),
(33, 6, 148, 'general', 165.04, '2024-01-01', 'debit_card', '5573303724737', True),
(34, 64, 140, 'backstage', 146.29, '2024-11-20', 'debit_card', '1536889565655', False),
(35, 32, 104, 'backstage', 118.03, '2021-02-06', 'bank_transfer', '3488469531193', True),
(36, 21, 113, 'backstage', 80.6, '2022-07-28', 'bank_transfer', '2615067314922', True),
(37, 41, 82, 'backstage', 196.31, '2019-05-20', 'credit_card', '7616614283444', False),
(38, 66, 144, 'general', 97.87, '2024-12-29', 'debit_card', '0521790502791', True),
(39, 35, 116, 'general', 57.59, '2019-11-24', 'debit_card', '0813165690975', False),
(40, 32, 41, 'backstage', 190.06, '2020-10-14', 'bank_transfer', '1537383435161', False),
(41, 25, 41, 'backstage', 199.4, '2021-10-24', 'debit_card', '1179714235868', False),
(42, 40, 128, 'VIP', 483.57, '2020-02-15', 'bank_transfer', '6414462379101', False),
(43, 31, 56, 'backstage', 57.3, '2021-02-04', 'debit_card', '8907519365861', False),
(44, 61, 74, 'general', 177.08, '2025-03-30', 'debit_card', '0428114769031', True),
(45, 34, 94, 'backstage', 56.79, '2020-05-26', 'credit_card', '2861766554644', True),
(46, 47, 142, 'backstage', 61.03, '2018-02-12', 'bank_transfer', '2277336876687', False),
(47, 71, 72, 'general', 69.3, '2025-02-25', 'credit_card', '8842307611099', False),
(48, 48, 87, 'backstage', 163.24, '2018-02-15', 'credit_card', '8651968592544', False),
(49, 65, 11, 'general', 55.84, '2025-01-10', 'bank_transfer', '1630388321573', False),
(50, 61, 133, 'backstage', 72.34, '2025-02-22', 'bank_transfer', '4901843429187', True),
(51, 42, 82, 'general', 108.94, '2019-07-12', 'bank_transfer', '2542401581736', False),
(52, 76, 87, 'backstage', 156.31, '2025-02-21', 'debit_card', '4303299511766', False),
(53, 3, 95, 'backstage', 151.07, '2024-05-02', 'debit_card', '5048209546832', False),
(54, 4, 122, 'general', 158.21, '2024-03-14', 'bank_transfer', '7760183378282', False),
(55, 22, 135, 'backstage', 72.17, '2022-09-28', 'bank_transfer', '9349367413599', True),
(56, 5, 147, 'general', 78.62, '2024-03-08', 'debit_card', '3542480472276', False),
(57, 54, 39, 'general', 111.56, '2017-02-12', 'bank_transfer', '7928717889479', False),
(58, 8, 36, 'general', 134.13, '2023-11-21', 'bank_transfer', '2988254284361', False),
(59, 68, 97, 'backstage', 193.5, '2025-02-12', 'debit_card', '6719122073192', False),
(60, 70, 91, 'backstage', 141.51, '2025-02-28', 'credit_card', '4578000734509', True),
(61, 36, 143, 'backstage', 165.68, '2020-05-04', 'bank_transfer', '6945736800309', True),
(62, 63, 82, 'backstage', 102.32, '2025-05-10', 'bank_transfer', '7887402538255', False),
(63, 37, 32, 'backstage', 184.36, '2020-05-17', 'debit_card', '7442012862116', False),
(64, 19, 75, 'VIP', 486.59, '2022-05-27', 'credit_card', '3971344221697', False),
(65, 57, 66, 'general', 80.31, '2017-03-30', 'bank_transfer', '0909182790665', False),
(66, 72, 70, 'general', 66.38, '2025-04-18', 'bank_transfer', '4116892429266', True),
(67, 32, 13, 'general', 145.69, '2020-09-29', 'credit_card', '5581962363068', True),
(68, 53, 85, 'general', 152.18, '2017-09-28', 'credit_card', '4339092533117', True),
(69, 71, 41, 'backstage', 147.93, '2025-03-10', 'debit_card', '3069271078191', False),
(70, 26, 74, 'general', 186.19, '2021-03-16', 'credit_card', '4844144407907', True),
(71, 69, 10, 'general', 112.68, '2025-01-19', 'credit_card', '1986300565014', True),
(72, 51, 127, 'general', 190.49, '2018-02-16', 'debit_card', '0526955620723', True),
(73, 2, 77, 'general', 189.27, '2024-05-28', 'debit_card', '5377106316324', False),
(74, 59, 140, 'backstage', 183.39, '2025-04-24', 'credit_card', '5651769892716', False),
(75, 35, 50, 'backstage', 74.37, '2019-08-19', 'debit_card', '9207037171289', False),
(76, 24, 4, 'backstage', 135.17, '2021-09-28', 'credit_card', '3230006959782', True),
(77, 52, 110, 'backstage', 63.01, '2018-07-16', 'bank_transfer', '5396671345164', True),
(78, 24, 36, 'general', 51.02, '2021-07-20', 'debit_card', '1216212717455', True),
(79, 58, 69, 'backstage', 137.37, '2017-08-08', 'bank_transfer', '3386935821734', True),
(80, 34, 93, 'general', 150.17, '2020-07-04', 'debit_card', '7633904200219', False),
(81, 21, 104, 'backstage', 153.54, '2022-06-02', 'bank_transfer', '8065507665284', False),
(82, 48, 57, 'general', 193.6, '2018-01-28', 'debit_card', '3662563792524', True),
(83, 59, 96, 'backstage', 155.29, '2024-12-25', 'debit_card', '5703394316942', True),
(84, 32, 21, 'backstage', 129.23, '2020-12-13', 'debit_card', '9225861965041', True),
(85, 73, 29, 'general', 174.32, '2025-03-01', 'bank_transfer', '3821496667914', True),
(86, 74, 138, 'general', 74.68, '2025-02-26', 'bank_transfer', '1055239463200', False),
(87, 15, 53, 'backstage', 63.64, '2023-01-27', 'bank_transfer', '2649138873261', False),
(88, 8, 117, 'general', 126.99, '2023-09-08', 'debit_card', '6690195515744', True),
(89, 72, 119, 'backstage', 158.49, '2025-03-20', 'debit_card', '5363638535890', False),
(90, 1, 56, 'general', 56.79, '2024-06-19', 'debit_card', '2717377323516', True),
(91, 70, 16, 'general', 197.92, '2024-12-17', 'debit_card', '5409692491939', True),
(92, 37, 105, 'general', 165.35, '2020-09-30', 'bank_transfer', '0865046782033', False),
(93, 48, 98, 'backstage', 180.44, '2017-11-08', 'debit_card', '1589099344947', False),
(94, 11, 139, 'general', 148.03, '2023-03-24', 'debit_card', '6384994535170', True),
(95, 23, 138, 'backstage', 129.33, '2020-11-14', 'bank_transfer', '8059820867036', True),
(96, 1, 6, 'backstage', 119.45, '2024-11-03', 'bank_transfer', '6247507645141', False),
(97, 69, 98, 'general', 87.13, '2025-04-19', 'debit_card', '8781000437493', True),
(98, 36, 49, 'general', 54.83, '2020-05-17', 'bank_transfer', '0333655303111', False),
(99, 3, 62, 'general', 60.09, '2024-06-11', 'bank_transfer', '3444092476560', True),
(100, 58, 13, 'general', 110.34, '2017-06-14', 'credit_card', '4046058223486', True),
(101, 65, 75, 'general', 172.37, '2025-04-07', 'bank_transfer', '6424734733135', False),
(102, 74, 83, 'general', 95.26, '2025-03-10', 'credit_card', '7783414944117', True),
(103, 53, 77, 'general', 143.9, '2017-08-17', 'debit_card', '9620192080829', False),
(104, 7, 89, 'backstage', 167.87, '2023-05-05', 'debit_card', '0749104578137', False),
(105, 53, 39, 'general', 163.16, '2017-11-04', 'debit_card', '6841308743640', True),
(106, 29, 77, 'general', 170.87, '2020-11-11', 'credit_card', '3537598061412', False),
(107, 54, 143, 'backstage', 86.43, '2016-09-26', 'credit_card', '5746371089613', False),
(108, 11, 116, 'backstage', 63.87, '2023-05-20', 'bank_transfer', '9987381003046', True),
(109, 7, 69, 'general', 181.04, '2023-06-07', 'credit_card', '1497161965016', True),
(110, 62, 54, 'backstage', 95.48, '2024-11-17', 'credit_card', '2720827759629', True),
(111, 25, 31, 'backstage', 187.17, '2021-07-22', 'bank_transfer', '9424876409346', True),
(112, 51, 62, 'backstage', 166.33, '2018-04-21', 'debit_card', '3705228023011', False),
(113, 69, 92, 'backstage', 89.23, '2025-04-10', 'bank_transfer', '0180347778708', False),
(114, 60, 26, 'backstage', 164.24, '2025-03-01', 'debit_card', '5700201329515', True),
(115, 48, 81, 'backstage', 56.86, '2017-10-01', 'credit_card', '9844692753278', True),
(116, 3, 67, 'backstage', 94.28, '2024-10-10', 'credit_card', '9442198636424', False),
(117, 30, 98, 'general', 124.9, '2021-01-09', 'bank_transfer', '9815456502562', False),
(118, 33, 126, 'backstage', 119.12, '2019-12-09', 'bank_transfer', '6052322609649', False),
(119, 22, 36, 'backstage', 77.61, '2022-07-27', 'bank_transfer', '3629764300057', True),
(120, 68, 9, 'general', 191.78, '2024-12-05', 'bank_transfer', '1299020590632', True),
(121, 1, 106, 'general', 176.38, '2024-10-25', 'credit_card', '2644690159013', True),
(122, 20, 3, 'backstage', 105.98, '2022-07-18', 'bank_transfer', '3905988269371', False),
(123, 63, 5, 'general', 129.83, '2025-02-02', 'debit_card', '5201400336019', True),
(124, 3, 136, 'backstage', 130.36, '2024-07-25', 'debit_card', '8688338069092', True),
(125, 65, 111, 'general', 66.05, '2025-01-04', 'credit_card', '9901761668236', True),
(126, 31, 50, 'backstage', 172.28, '2020-11-27', 'debit_card', '3056249963160', False),
(127, 11, 96, 'backstage', 118.85, '2023-05-15', 'credit_card', '1633513866611', True),
(128, 39, 21, 'general', 64.03, '2020-04-18', 'debit_card', '4231678574814', False),
(129, 71, 122, 'general', 145.51, '2025-02-07', 'bank_transfer', '6681926325138', True),
(130, 11, 128, 'backstage', 146.74, '2023-06-05', 'debit_card', '8062253307314', True),
(131, 68, 11, 'general', 81.71, '2024-11-27', 'bank_transfer', '0359341767708', False),
(132, 35, 12, 'backstage', 184.9, '2020-01-20', 'bank_transfer', '7099463328274', True),
(133, 23, 81, 'general', 194.22, '2020-11-26', 'bank_transfer', '5490010937086', True),
(134, 51, 20, 'backstage', 74.37, '2018-04-09', 'credit_card', '7985683507684', False),
(135, 70, 85, 'backstage', 163.34, '2025-05-09', 'credit_card', '0391269938013', True),
(136, 65, 89, 'general', 64.65, '2025-03-16', 'credit_card', '7222733636063', True),
(137, 44, 102, 'backstage', 54.44, '2019-03-29', 'debit_card', '1943304808868', False),
(138, 63, 59, 'backstage', 132.96, '2025-03-06', 'debit_card', '5007898284449', False),
(139, 24, 150, 'general', 165.83, '2021-10-18', 'debit_card', '3146852336519', True),
(140, 10, 22, 'backstage', 73.13, '2023-11-06', 'bank_transfer', '0120994330201', True),
(141, 50, 82, 'backstage', 65.98, '2018-06-05', 'credit_card', '1913810923584', False),
(142, 57, 93, 'general', 69.88, '2016-12-27', 'credit_card', '3415380356802', False),
(143, 58, 143, 'backstage', 65.49, '2017-05-22', 'credit_card', '5531685293715', False),
(144, 71, 24, 'backstage', 179.56, '2025-05-08', 'credit_card', '9448553490922', False),
(145, 53, 100, 'general', 135.79, '2017-10-18', 'credit_card', '5288810078586', False),
(146, 35, 78, 'general', 59.49, '2019-08-21', 'debit_card', '3367455293331', False),
(147, 54, 77, 'general', 104.17, '2017-01-18', 'credit_card', '5864695809158', False),
(148, 26, 118, 'backstage', 51.02, '2021-01-30', 'debit_card', '1815102654193', False),
(149, 49, 85, 'backstage', 100.21, '2018-09-22', 'bank_transfer', '8902408342985', True),
(150, 39, 83, 'general', 121.85, '2020-02-14', 'credit_card', '2070835627770', False),
(151, 41, 75, 'backstage', 195.16, '2019-07-08', 'credit_card', '2003209591650', False),
(152, 49, 72, 'backstage', 104.75, '2018-08-17', 'bank_transfer', '2704751002914', True),
(153, 76, 140, 'general', 152.26, '2025-01-29', 'bank_transfer', '3088465069814', True),
(154, 60, 54, 'backstage', 169.65, '2025-03-06', 'bank_transfer', '9876492631661', True),
(155, 53, 128, 'backstage', 86.3, '2017-10-11', 'bank_transfer', '9715729673701', True),
(156, 55, 97, 'VIP', 497.21, '2017-07-10', 'debit_card', '4293828758567', False),
(157, 69, 130, 'backstage', 131.55, '2025-04-15', 'debit_card', '7764746775129', True),
(158, 14, 64, 'backstage', 74.95, '2023-02-07', 'bank_transfer', '8392800013062', True),
(159, 73, 103, 'backstage', 194.86, '2024-12-05', 'debit_card', '2972010710263', True),
(160, 2, 26, 'general', 116.87, '2024-05-16', 'debit_card', '2995935510190', False),
(161, 76, 129, 'general', 101.75, '2025-02-15', 'credit_card', '5573685452228', False),
(162, 14, 76, 'general', 67.41, '2023-02-11', 'bank_transfer', '9440501891676', True),
(163, 45, 80, 'backstage', 118.3, '2019-08-25', 'credit_card', '4749033972767', False),
(164, 45, 122, 'general', 115.72, '2019-12-05', 'bank_transfer', '5125689006954', False),
(165, 41, 18, 'backstage', 56.7, '2019-06-06', 'bank_transfer', '9122729090009', True),
(166, 3, 88, 'general', 151.57, '2024-10-03', 'credit_card', '8049297757091', True),
(167, 67, 45, 'general', 99.65, '2025-03-09', 'debit_card', '1335467622502', False),
(168, 30, 104, 'general', 77.96, '2020-11-27', 'bank_transfer', '5650863517495', False),
(169, 51, 8, 'general', 117.44, '2018-02-05', 'debit_card', '0617353031096', False),
(170, 1, 55, 'general', 91.75, '2024-05-29', 'bank_transfer', '1714953976426', True),
(171, 74, 27, 'general', 104.87, '2025-01-16', 'credit_card', '4567172766821', False),
(172, 15, 68, 'backstage', 129.16, '2023-02-02', 'bank_transfer', '4028859735764', False),
(173, 50, 101, 'general', 102.19, '2018-02-10', 'debit_card', '4062865067051', True),
(174, 39, 22, 'backstage', 67.68, '2020-04-22', 'debit_card', '0634349808791', True),
(175, 24, 96, 'backstage', 112.74, '2021-09-17', 'credit_card', '8673179880326', False),
(176, 55, 48, 'backstage', 145.33, '2017-08-03', 'bank_transfer', '4710674067112', True),
(177, 72, 43, 'backstage', 93.33, '2025-01-25', 'credit_card', '5222685353645', False),
(178, 58, 14, 'general', 122.69, '2017-08-21', 'credit_card', '8196339594098', False),
(179, 72, 130, 'backstage', 111.37, '2025-03-01', 'debit_card', '8734124028504', False),
(180, 57, 126, 'general', 169.38, '2016-12-07', 'credit_card', '5792370137350', False),
(181, 5, 71, 'backstage', 75.23, '2024-03-25', 'debit_card', '1858034157448', False),
(182, 71, 131, 'general', 135.91, '2025-04-06', 'debit_card', '5795561267775', False),
(183, 70, 11, 'backstage', 131.95, '2025-01-30', 'debit_card', '1276825185720', True),
(184, 32, 77, 'general', 117.46, '2021-01-11', 'debit_card', '4040486385280', True),
(185, 57, 31, 'general', 81.48, '2017-03-24', 'bank_transfer', '1260080384721', False),
(186, 55, 43, 'general', 167.73, '2017-06-05', 'credit_card', '2772418067675', True),
(187, 73, 90, 'backstage', 139.53, '2025-03-22', 'credit_card', '6717562183785', False),
(188, 38, 75, 'backstage', 192.86, '2020-03-12', 'bank_transfer', '3729031898185', True),
(189, 18, 106, 'backstage', 180.06, '2022-07-08', 'credit_card', '8501511254651', True),
(190, 32, 38, 'backstage', 174.27, '2020-11-15', 'bank_transfer', '2684786022586', False),
(191, 63, 37, 'backstage', 144.17, '2025-03-23', 'debit_card', '8003717618645', False),
(192, 10, 24, 'backstage', 127.34, '2023-07-13', 'debit_card', '5972519471266', False),
(193, 59, 125, 'backstage', 137.29, '2025-04-30', 'bank_transfer', '3413562648615', True),
(194, 59, 92, 'general', 169.35, '2024-12-06', 'debit_card', '7250843744965', True),
(195, 55, 55, 'backstage', 90.28, '2017-07-29', 'debit_card', '1600900057457', False),
(196, 71, 148, 'general', 134.92, '2024-12-30', 'debit_card', '5936223582748', False),
(197, 7, 12, 'VIP', 435.17, '2023-04-21', 'debit_card', '5383552701966', True),
(198, 16, 41, 'general', 198.78, '2022-08-31', 'debit_card', '8497448142461', True),
(199, 21, 71, 'VIP', 308.13, '2022-03-15', 'credit_card', '4760826185058', False),
(200, 22, 14, 'backstage', 158.9, '2022-09-17', 'credit_card', '3631887674793', False),
(201, 12, 25, 'VIP', 343.04, '2023-04-08', 'credit_card', '9977520430291', True),
(202, 67, 114, 'general', 51.21, '2025-02-20', 'debit_card', '3410642882129', True),
(203, 55, 34, 'backstage', 60.62, '2017-05-11', 'debit_card', '6588591841959', True),
(204, 14, 27, 'backstage', 70.57, '2023-03-08', 'credit_card', '9310659698642', True),
(205, 9, 136, 'general', 141.55, '2022-12-11', 'credit_card', '4019656178397', False),
(206, 45, 55, 'general', 187.98, '2019-08-25', 'bank_transfer', '2345738518952', False),
(207, 28, 23, 'general', 162.87, '2021-06-08', 'bank_transfer', '6079835147598', False),
(208, 45, 110, 'backstage', 168.66, '2019-12-02', 'credit_card', '5552155748818', False),
(209, 11, 64, 'backstage', 166.85, '2023-04-04', 'bank_transfer', '6703752324571', True),
(210, 39, 53, 'general', 162.18, '2020-02-05', 'debit_card', '9694602774707', True),
(211, 50, 29, 'general', 124.94, '2018-02-23', 'bank_transfer', '3979666287643', True),
(212, 68, 4, 'backstage', 190.09, '2025-01-24', 'credit_card', '9047580658383', False),
(213, 73, 108, 'backstage', 131.95, '2025-01-08', 'credit_card', '9267092660821', False),
(214, 10, 5, 'general', 52.07, '2023-10-05', 'credit_card', '9037937981134', True),
(215, 8, 102, 'backstage', 144.29, '2023-07-25', 'bank_transfer', '3795513993471', False),
(216, 55, 103, 'general', 146.08, '2017-06-03', 'bank_transfer', '4727915899951', True),
(217, 36, 22, 'general', 196.15, '2020-09-16', 'credit_card', '6226389521163', False),
(218, 51, 17, 'backstage', 154.8, '2018-01-22', 'bank_transfer', '8204894758975', True),
(219, 8, 63, 'general', 188.69, '2023-07-15', 'credit_card', '1492605384934', False),
(220, 8, 80, 'general', 67.92, '2023-11-24', 'bank_transfer', '2600062999977', True),
(221, 2, 42, 'backstage', 128.45, '2024-05-06', 'bank_transfer', '5732565408612', False),
(222, 22, 96, 'backstage', 159.94, '2022-09-12', 'credit_card', '7089735251966', True),
(223, 43, 110, 'backstage', 128.58, '2019-03-18', 'debit_card', '9716847526924', True),
(224, 64, 117, 'backstage', 58.32, '2025-01-01', 'bank_transfer', '8606356440198', True),
(225, 48, 41, 'backstage', 166.0, '2017-10-16', 'bank_transfer', '6994509355751', True),
(226, 30, 131, 'general', 56.61, '2021-01-08', 'credit_card', '3616353849417', True),
(227, 6, 121, 'general', 76.84, '2023-10-09', 'credit_card', '0056121299366', False),
(228, 29, 83, 'general', 112.44, '2021-03-16', 'bank_transfer', '7461518028314', False),
(229, 35, 20, 'general', 125.31, '2019-12-13', 'credit_card', '5379243756650', True),
(230, 29, 133, 'general', 193.11, '2021-03-12', 'credit_card', '7289675499446', False),
(231, 37, 80, 'backstage', 62.96, '2020-10-06', 'debit_card', '6089383664515', True),
(232, 48, 52, 'backstage', 134.57, '2018-01-27', 'debit_card', '7428170129087', True),
(233, 60, 95, 'backstage', 199.67, '2025-02-25', 'credit_card', '6680962006414', True),
(234, 20, 2, 'general', 84.95, '2022-05-25', 'debit_card', '9333182641114', True),
(235, 43, 1, 'backstage', 177.35, '2019-03-10', 'bank_transfer', '5440972995914', False),
(236, 14, 53, 'general', 112.97, '2023-01-14', 'credit_card', '7174238919922', True),
(237, 36, 24, 'VIP', 269.44, '2020-05-05', 'bank_transfer', '8040746276422', False),
(238, 48, 118, 'general', 137.12, '2018-03-04', 'bank_transfer', '0206216497775', True),
(239, 76, 146, 'general', 115.25, '2025-02-26', 'credit_card', '7413116628250', True),
(240, 38, 67, 'backstage', 188.91, '2020-05-15', 'debit_card', '4322224283172', False),
(241, 41, 116, 'backstage', 85.04, '2019-02-19', 'credit_card', '3377717448393', True),
(242, 75, 28, 'general', 65.85, '2025-02-19', 'debit_card', '4679055307608', False),
(243, 41, 105, 'general', 130.39, '2019-05-20', 'credit_card', '5352349181373', False),
(244, 40, 119, 'backstage', 177.87, '2019-12-29', 'credit_card', '3038588159688', True),
(245, 39, 11, 'backstage', 72.25, '2020-07-02', 'bank_transfer', '9416378838083', True),
(246, 46, 102, 'general', 151.58, '2018-01-31', 'debit_card', '3654319825860', True),
(247, 4, 104, 'general', 64.21, '2024-04-04', 'credit_card', '3770040908167', True),
(248, 16, 4, 'VIP', 434.29, '2022-05-22', 'credit_card', '5861890651537', True),
(249, 26, 103, 'general', 137.35, '2020-11-16', 'debit_card', '1307216741369', True),
(250, 3, 17, 'general', 185.37, '2024-09-04', 'debit_card', '1100772609339', True),
(251, 12, 85, 'general', 56.4, '2023-04-16', 'debit_card', '9161226079377', True),
(252, 22, 147, 'backstage', 124.42, '2022-10-30', 'debit_card', '7572780548117', False),
(253, 23, 91, 'general', 186.25, '2020-12-07', 'debit_card', '4530499989426', False),
(254, 58, 39, 'VIP', 385.75, '2017-04-30', 'credit_card', '6513281280688', False),
(255, 64, 106, 'backstage', 59.15, '2024-12-07', 'debit_card', '7438303292366', False),
(256, 18, 108, 'general', 144.61, '2022-09-09', 'bank_transfer', '0104312904336', True),
(257, 49, 92, 'backstage', 131.68, '2018-09-06', 'debit_card', '7407491233277', False),
(258, 73, 129, 'backstage', 108.26, '2024-12-17', 'credit_card', '3471048501786', True),
(259, 41, 57, 'general', 184.36, '2019-06-20', 'debit_card', '4524498366746', True),
(260, 61, 136, 'backstage', 165.03, '2025-04-14', 'credit_card', '5763918070521', True),
(261, 13, 64, 'backstage', 130.05, '2022-10-15', 'bank_transfer', '7536955177700', True),
(262, 29, 148, 'backstage', 103.22, '2021-01-10', 'credit_card', '7994482579181', True),
(263, 31, 82, 'backstage', 187.1, '2021-01-10', 'credit_card', '7110099766640', False),
(264, 73, 145, 'general', 134.47, '2024-12-09', 'credit_card', '4476813253692', False),
(265, 70, 80, 'general', 123.57, '2024-12-01', 'credit_card', '0056817676518', True),
(266, 30, 57, 'general', 128.97, '2021-01-03', 'credit_card', '6918815803300', False),
(267, 26, 34, 'general', 187.82, '2021-01-24', 'debit_card', '4401007618568', True),
(268, 3, 38, 'general', 166.15, '2024-09-16', 'bank_transfer', '8946032458209', False),
(269, 10, 96, 'backstage', 137.9, '2023-10-31', 'debit_card', '2834466607125', False),
(270, 42, 35, 'general', 159.85, '2019-04-11', 'debit_card', '4093362751280', False),
(271, 29, 45, 'backstage', 96.02, '2020-11-09', 'bank_transfer', '5101550320763', False),
(272, 17, 46, 'backstage', 177.61, '2021-12-15', 'bank_transfer', '0754032816565', True),
(273, 24, 82, 'general', 145.95, '2021-08-14', 'credit_card', '7672395165102', False),
(274, 19, 85, 'general', 85.7, '2022-05-20', 'debit_card', '3432756279305', True),
(275, 12, 86, 'backstage', 51.71, '2023-03-13', 'credit_card', '6398445470880', True),
(276, 9, 90, 'backstage', 168.05, '2022-09-03', 'bank_transfer', '5869347212317', True),
(277, 7, 99, 'backstage', 159.89, '2023-07-27', 'credit_card', '3545690914222', False),
(278, 64, 97, 'backstage', 131.9, '2025-04-16', 'credit_card', '1996223495664', False),
(279, 74, 58, 'general', 117.69, '2025-03-30', 'credit_card', '1184953422160', False),
(280, 10, 88, 'general', 183.19, '2023-06-21', 'credit_card', '2461370867859', True),
(281, 44, 124, 'general', 114.7, '2019-07-06', 'bank_transfer', '1727567865789', True),
(282, 56, 41, 'VIP', 299.33, '2016-10-16', 'credit_card', '7607602810407', False),
(283, 71, 139, 'backstage', 149.09, '2024-12-01', 'debit_card', '5188390507820', True),
(284, 13, 13, 'backstage', 73.04, '2022-10-08', 'debit_card', '2449565364833', True),
(285, 55, 23, 'backstage', 173.58, '2017-07-29', 'bank_transfer', '9011684904431', False),
(286, 26, 25, 'VIP', 251.25, '2021-04-04', 'debit_card', '0072191694634', True),
(287, 61, 30, 'backstage', 167.73, '2025-03-16', 'debit_card', '9722612331068', False),
(288, 34, 24, 'backstage', 77.73, '2020-05-24', 'debit_card', '3229252161797', False),
(289, 24, 115, 'VIP', 331.92, '2021-07-12', 'debit_card', '4133157369952', True),
(290, 35, 145, 'VIP', 425.67, '2019-08-20', 'bank_transfer', '2958555707029', True),
(291, 11, 89, 'backstage', 195.61, '2023-04-25', 'bank_transfer', '5911960815410', True),
(292, 71, 16, 'backstage', 172.76, '2025-02-28', 'debit_card', '3962693459855', False),
(293, 74, 61, 'backstage', 94.83, '2025-01-20', 'debit_card', '2990916512897', True),
(294, 65, 147, 'general', 68.04, '2025-03-08', 'debit_card', '2360409600651', True),
(295, 22, 55, 'general', 56.4, '2022-07-29', 'credit_card', '8304702137883', False),
(296, 26, 38, 'backstage', 97.96, '2020-12-21', 'bank_transfer', '5637897301467', True),
(297, 12, 100, 'backstage', 132.81, '2023-03-12', 'debit_card', '0555837776906', False),
(298, 2, 134, 'general', 112.17, '2024-04-10', 'credit_card', '7633505110375', True),
(299, 14, 145, 'backstage', 180.12, '2023-05-30', 'debit_card', '9288005460017', False),
(300, 34, 99, 'backstage', 55.62, '2020-02-29', 'debit_card', '9995072732502', False),
(301, 19, 103, 'general', 109.37, '2022-06-08', 'debit_card', '3580880805232', True),
(302, 7, 122, 'backstage', 184.55, '2023-03-24', 'credit_card', '7914543243455', False),
(303, 39, 80, 'backstage', 178.74, '2020-03-16', 'bank_transfer', '2545942163188', True),
(304, 30, 35, 'backstage', 196.13, '2020-09-12', 'debit_card', '3667923226145', False),
(305, 35, 107, 'general', 78.19, '2019-12-29', 'credit_card', '5304522147683', False),
(306, 63, 133, 'backstage', 173.15, '2025-04-11', 'bank_transfer', '1556439447194', True),
(307, 9, 80, 'backstage', 70.35, '2022-11-17', 'bank_transfer', '9823654840782', True),
(308, 23, 50, 'general', 175.55, '2020-09-02', 'credit_card', '1400188418267', True),
(309, 59, 13, 'backstage', 155.7, '2024-12-23', 'debit_card', '0492304690429', False),
(310, 60, 130, 'backstage', 145.31, '2024-12-24', 'credit_card', '9869438473036', True),
(311, 31, 96, 'backstage', 139.11, '2020-12-16', 'credit_card', '7388376579614', False),
(312, 76, 142, 'backstage', 101.64, '2025-02-19', 'debit_card', '8545288924461', True),
(313, 37, 8, 'backstage', 57.45, '2020-06-27', 'bank_transfer', '3817467380661', True),
(314, 29, 58, 'general', 90.36, '2021-01-23', 'debit_card', '6254150641734', True),
(315, 2, 122, 'general', 140.17, '2024-04-06', 'credit_card', '9340662277800', True),
(316, 33, 79, 'backstage', 113.57, '2019-08-18', 'debit_card', '0331222865741', False),
(317, 59, 65, 'general', 120.0, '2024-11-27', 'bank_transfer', '3075027701893', False),
(318, 75, 27, 'general', 126.73, '2025-01-10', 'bank_transfer', '9678423265453', False),
(319, 72, 73, 'backstage', 152.66, '2025-04-11', 'debit_card', '7830711622818', True),
(320, 44, 71, 'backstage', 179.22, '2019-04-17', 'debit_card', '1081581585178', False),
(321, 25, 39, 'general', 184.95, '2021-10-15', 'bank_transfer', '9243434286911', False),
(322, 54, 104, 'general', 137.45, '2017-02-18', 'bank_transfer', '3712602611207', True),
(323, 44, 57, 'backstage', 185.98, '2019-05-03', 'bank_transfer', '3718575225755', False),
(324, 65, 77, 'general', 176.1, '2024-12-20', 'bank_transfer', '6692599435000', True),
(325, 38, 25, 'backstage', 69.19, '2020-04-22', 'debit_card', '6520314645680', True),
(326, 43, 23, 'general', 103.29, '2019-03-20', 'bank_transfer', '0332595901432', False),
(327, 54, 85, 'backstage', 119.56, '2016-09-11', 'credit_card', '3264636653710', False),
(328, 7, 150, 'general', 120.83, '2023-03-25', 'credit_card', '4913786608567', True),
(329, 49, 136, 'backstage', 111.97, '2018-09-24', 'credit_card', '8122420899889', True),
(330, 26, 88, 'backstage', 198.08, '2021-04-20', 'debit_card', '9274713622014', True),
(331, 43, 46, 'backstage', 145.17, '2019-02-28', 'credit_card', '4866011395209', False),
(332, 36, 54, 'general', 136.44, '2020-08-30', 'credit_card', '3615635047930', False),
(333, 12, 34, 'backstage', 145.02, '2023-05-16', 'debit_card', '3240135996725', False),
(334, 62, 99, 'general', 55.66, '2025-02-01', 'credit_card', '5028250834638', False),
(335, 2, 83, 'general', 52.69, '2024-06-08', 'credit_card', '6630620174993', True),
(336, 29, 89, 'backstage', 69.34, '2021-02-01', 'debit_card', '8004449793464', False),
(337, 22, 17, 'backstage', 192.27, '2022-10-22', 'debit_card', '2415419962357', False),
(338, 56, 35, 'backstage', 199.42, '2016-10-30', 'debit_card', '3059016950974', False),
(339, 25, 43, 'backstage', 52.87, '2021-06-21', 'credit_card', '8718811068295', True),
(340, 28, 6, 'general', 68.47, '2021-10-13', 'bank_transfer', '4355339470786', True),
(341, 49, 66, 'general', 139.09, '2018-05-23', 'credit_card', '9272530674841', True),
(342, 57, 98, 'backstage', 121.16, '2017-02-27', 'credit_card', '0075046908849', True),
(343, 2, 78, 'general', 149.37, '2024-04-04', 'debit_card', '0004294237258', True),
(344, 54, 27, 'general', 92.41, '2017-02-26', 'credit_card', '4364245393256', False),
(345, 26, 52, 'backstage', 174.72, '2021-03-12', 'credit_card', '9957795570700', False),
(346, 53, 76, 'backstage', 186.55, '2017-07-10', 'bank_transfer', '0605700132572', False),
(347, 43, 61, 'general', 51.91, '2018-12-28', 'credit_card', '5200020478079', True),
(348, 74, 127, 'general', 192.42, '2025-01-23', 'bank_transfer', '0476765442698', True),
(349, 13, 66, 'backstage', 198.3, '2022-09-27', 'debit_card', '5521557920320', False),
(350, 60, 13, 'general', 171.98, '2024-12-28', 'credit_card', '8256001979018', False),
(351, 47, 81, 'backstage', 160.78, '2018-03-03', 'credit_card', '6775216428071', True),
(352, 2, 36, 'general', 99.3, '2024-03-11', 'debit_card', '3174884038972', False),
(353, 12, 96, 'backstage', 77.43, '2023-03-10', 'debit_card', '8531339483827', False),
(354, 59, 70, 'backstage', 153.49, '2024-12-07', 'debit_card', '3905294062055', False),
(355, 22, 29, 'general', 197.24, '2022-05-26', 'credit_card', '1349635495119', True),
(356, 54, 124, 'backstage', 77.19, '2016-11-30', 'debit_card', '9410429694512', False),
(357, 4, 34, 'backstage', 66.94, '2024-02-25', 'debit_card', '6166283991085', False),
(358, 6, 17, 'backstage', 51.85, '2023-11-13', 'bank_transfer', '7426514960099', True),
(359, 44, 133, 'general', 114.93, '2019-02-13', 'bank_transfer', '4639916552080', True),
(360, 62, 89, 'backstage', 72.3, '2025-03-14', 'bank_transfer', '8061723489437', True),
(361, 2, 41, 'backstage', 177.78, '2024-03-25', 'credit_card', '4893668270207', True),
(362, 63, 83, 'general', 99.63, '2025-04-03', 'debit_card', '5929930940390', True),
(363, 65, 58, 'backstage', 110.49, '2024-11-28', 'credit_card', '3529493471564', True),
(364, 59, 114, 'backstage', 63.2, '2024-11-22', 'debit_card', '5277614881591', False),
(365, 14, 104, 'general', 173.89, '2023-05-06', 'bank_transfer', '8676884270154', False),
(366, 27, 117, 'backstage', 104.5, '2021-07-05', 'credit_card', '9768971619812', True),
(367, 47, 116, 'general', 64.62, '2018-04-24', 'bank_transfer', '9574254669203', True),
(368, 1, 88, 'backstage', 174.48, '2024-10-09', 'debit_card', '6719117879396', False),
(369, 14, 12, 'backstage', 71.07, '2023-04-04', 'bank_transfer', '7496380692028', False),
(370, 14, 66, 'general', 68.11, '2023-03-29', 'debit_card', '4818319604958', True),
(371, 54, 12, 'general', 165.82, '2016-09-16', 'debit_card', '5462941896077', False),
(372, 76, 130, 'general', 194.58, '2025-04-05', 'credit_card', '4688039207117', True),
(373, 66, 46, 'general', 159.57, '2025-04-29', 'credit_card', '7791740318342', True),
(374, 50, 83, 'backstage', 112.8, '2018-03-28', 'bank_transfer', '0141556142599', True),
(375, 36, 102, 'backstage', 195.57, '2020-06-24', 'debit_card', '0016270098777', True),
(376, 66, 77, 'backstage', 156.78, '2025-04-01', 'bank_transfer', '0887117925361', True),
(377, 26, 54, 'backstage', 152.99, '2020-11-14', 'bank_transfer', '4587536347466', True),
(378, 23, 129, 'backstage', 156.55, '2020-09-08', 'debit_card', '3666244385043', False),
(379, 75, 147, 'backstage', 151.14, '2025-03-31', 'bank_transfer', '6189427760828', False),
(380, 55, 4, 'general', 53.79, '2017-04-23', 'credit_card', '6478974880555', True),
(381, 8, 52, 'backstage', 162.53, '2023-10-06', 'credit_card', '1154675132500', False),
(382, 33, 38, 'backstage', 80.6, '2019-12-13', 'bank_transfer', '5986295180120', True),
(383, 46, 116, 'general', 142.42, '2017-09-10', 'bank_transfer', '1335762641154', True),
(384, 72, 100, 'general', 126.64, '2024-12-25', 'bank_transfer', '8497025123791', False),
(385, 7, 98, 'backstage', 112.48, '2023-06-21', 'bank_transfer', '7544546264562', False),
(386, 33, 52, 'backstage', 174.5, '2019-09-30', 'bank_transfer', '6100025973045', False),
(387, 26, 50, 'backstage', 117.32, '2021-04-20', 'bank_transfer', '6113920731467', True),
(388, 24, 45, 'general', 106.58, '2021-08-11', 'debit_card', '7055054182892', False),
(389, 72, 68, 'general', 74.14, '2024-11-25', 'debit_card', '6442700107797', True),
(390, 43, 120, 'general', 55.99, '2019-03-03', 'debit_card', '0207368579067', True),
(391, 39, 126, 'backstage', 60.93, '2020-01-20', 'bank_transfer', '9029059225166', False),
(392, 68, 57, 'general', 128.09, '2025-02-09', 'bank_transfer', '7057829202965', True),
(393, 54, 140, 'general', 102.41, '2016-10-23', 'credit_card', '7506870116696', False),
(394, 43, 93, 'backstage', 82.77, '2019-04-04', 'bank_transfer', '5158161355141', False),
(395, 72, 3, 'general', 150.34, '2025-02-06', 'debit_card', '2865965958623', True),
(396, 32, 11, 'backstage', 107.21, '2020-12-31', 'credit_card', '4223528589550', False),
(397, 33, 139, 'general', 186.7, '2019-10-02', 'debit_card', '6168494571384', False),
(398, 63, 12, 'backstage', 184.74, '2025-02-04', 'credit_card', '6976897791878', False),
(399, 66, 22, 'general', 75.11, '2025-01-18', 'bank_transfer', '3598156707074', True),
(400, 9, 54, 'general', 179.74, '2022-12-22', 'debit_card', '1792360978189', True);

INSERT INTO resale_interest (interested_visitor_id, event_id, ticket_category, expressed_on) VALUES
(45, 41, 'backstage', '2025-03-28 22:44:56'),
(82, 3, 'general', '2025-03-07 18:53:48'),
(36, 41, 'backstage', '2025-03-06 04:25:55'),
(47, 41, 'backstage', '2025-03-18 02:30:17'),
(13, 3, 'backstage', '2025-03-23 19:50:20'),
(31, 41, 'general', '2025-02-24 05:46:12'),
(85, 59, 'backstage', '2025-04-23 02:47:10'),
(49, 59, 'general', '2025-04-24 04:20:33'),
(111, 71, 'backstage', '2025-04-28 23:16:25'),
(14, 71, 'VIP', '2025-03-21 20:31:37');

INSERT INTO Review (review_id, visitor_id, performance_id, interpretation, lights_sound, stage_presence, organization, overall_impression) VALUES
(1, 92, 223, 1, 2, 1, 4, 3),
(2, 119, 38, 1, 2, 3, 5, 1),
(3, 10, 117, 3, 4, 4, 4, 4),
(4, 20, 9, 4, 1, 5, 1, 5),
(5, 37, 24, 1, 3, 5, 1, 3),
(6, 81, 45, 3, 4, 4, 4, 1),
(7, 74, 274, 2, 2, 4, 5, 3),
(8, 131, 192, 1, 5, 5, 2, 1),
(9, 106, 202, 5, 5, 1, 3, 2),
(10, 87, 212, 5, 2, 2, 2, 2),
(11, 148, 130, 2, 1, 2, 5, 1),
(12, 74, 38, 3, 1, 3, 1, 2),
(13, 133, 170, 3, 2, 2, 1, 3),
(14, 135, 100, 3, 4, 4, 3, 5),
(15, 143, 161, 2, 2, 4, 3, 3),
(16, 70, 170, 4, 4, 4, 3, 3),
(17, 13, 56, 2, 5, 1, 3, 2),
(18, 74, 40, 1, 1, 5, 1, 5),
(19, 10, 109, 1, 5, 3, 5, 5),
(20, 127, 77, 3, 4, 2, 5, 3),
(21, 4, 257, 5, 1, 4, 3, 5),
(22, 110, 123, 5, 2, 5, 2, 4),
(23, 36, 75, 4, 3, 1, 2, 4),
(24, 69, 136, 3, 2, 1, 2, 5),
(25, 96, 241, 4, 1, 1, 3, 1),
(26, 29, 141, 3, 5, 5, 5, 2),
(27, 117, 194, 3, 5, 1, 5, 3),
(28, 56, 115, 5, 4, 3, 3, 4),
(29, 138, 72, 4, 2, 2, 1, 5),
(30, 98, 109, 2, 2, 2, 3, 5),
(31, 13, 118, 4, 3, 1, 4, 4),
(32, 83, 83, 4, 1, 2, 1, 2),
(33, 39, 83, 2, 5, 1, 5, 2),
(34, 116, 133, 2, 5, 4, 5, 5),
(35, 69, 146, 1, 2, 4, 5, 4),
(36, 31, 211, 5, 2, 5, 2, 5),
(37, 26, 136, 2, 3, 4, 5, 5),
(38, 81, 194, 4, 2, 1, 1, 2),
(39, 36, 259, 4, 2, 5, 1, 2),
(40, 9, 20, 5, 5, 1, 1, 4),
(41, 106, 277, 1, 4, 5, 4, 3),
(42, 136, 220, 2, 4, 4, 3, 5),
(43, 128, 218, 2, 3, 4, 2, 1),
(44, 12, 210, 3, 2, 1, 1, 5),
(45, 81, 267, 1, 4, 2, 3, 4),
(46, 85, 80, 4, 5, 3, 3, 5),
(47, 89, 188, 5, 3, 4, 2, 4),
(48, 150, 248, 2, 3, 5, 5, 4),
(49, 22, 158, 5, 3, 4, 2, 1),
(50, 72, 83, 1, 2, 5, 4, 3),
(51, 54, 27, 2, 4, 1, 1, 2),
(52, 128, 223, 1, 1, 3, 2, 3),
(53, 130, 20, 4, 4, 5, 5, 3),
(54, 103, 90, 4, 4, 1, 2, 5),
(55, 76, 18, 5, 5, 5, 2, 5),
(56, 18, 19, 3, 2, 1, 2, 1),
(57, 101, 203, 4, 5, 2, 5, 1),
(58, 48, 47, 5, 3, 5, 5, 3),
(59, 11, 142, 2, 5, 2, 4, 4),
(60, 77, 134, 2, 4, 5, 1, 5),
(61, 43, 151, 3, 1, 5, 3, 5),
(62, 106, 227, 4, 5, 4, 2, 3),
(63, 92, 236, 5, 1, 4, 1, 3),
(64, 12, 113, 2, 3, 4, 3, 5),
(65, 41, 135, 2, 3, 1, 4, 3),
(66, 25, 92, 4, 3, 3, 2, 5),
(67, 114, 98, 4, 2, 2, 2, 3),
(68, 34, 104, 2, 5, 3, 2, 1),
(69, 27, 41, 4, 5, 1, 5, 1),
(70, 53, 162, 4, 5, 3, 4, 2),
(71, 103, 114, 5, 2, 1, 5, 4),
(72, 17, 277, 1, 5, 3, 4, 2),
(73, 80, 62, 5, 4, 3, 1, 1),
(74, 96, 195, 5, 1, 3, 3, 5),
(75, 117, 135, 2, 3, 4, 5, 3),
(76, 20, 93, 5, 2, 5, 2, 1),
(77, 95, 196, 2, 2, 2, 4, 1),
(78, 2, 256, 2, 5, 5, 3, 4),
(79, 53, 25, 4, 1, 2, 1, 2),
(80, 146, 50, 4, 3, 3, 3, 3),
(81, 116, 132, 3, 1, 4, 1, 3),
(82, 102, 276, 2, 3, 3, 3, 5),
(83, 104, 229, 1, 4, 5, 3, 4),
(84, 4, 75, 2, 3, 4, 5, 5),
(85, 103, 37, 1, 2, 3, 2, 3),
(86, 17, 150, 3, 5, 4, 3, 4),
(87, 57, 231, 4, 2, 2, 1, 2),
(88, 64, 41, 2, 2, 4, 1, 1),
(89, 148, 243, 5, 1, 1, 4, 5),
(90, 34, 135, 5, 2, 1, 4, 3),
(91, 46, 146, 4, 2, 2, 5, 2),
(92, 85, 183, 3, 4, 4, 5, 3),
(93, 86, 70, 5, 2, 5, 5, 4),
(94, 90, 223, 5, 5, 3, 3, 4),
(95, 88, 46, 4, 3, 3, 4, 3),
(96, 124, 6, 1, 5, 2, 3, 3),
(97, 139, 5, 4, 4, 3, 1, 4),
(98, 25, 4, 5, 3, 2, 4, 5),
(99, 115, 128, 2, 4, 4, 2, 3),
(100, 145, 123, 5, 5, 3, 3, 5),
(101, 61, 36, 2, 2, 3, 1, 4),
(102, 147, 140, 5, 4, 2, 3, 1),
(103, 38, 274, 1, 2, 1, 3, 3),
(104, 134, 225, 1, 2, 1, 2, 1),
(105, 103, 176, 4, 3, 4, 3, 4),
(106, 80, 17, 3, 1, 2, 1, 3),
(107, 80, 241, 2, 2, 3, 4, 1),
(108, 50, 128, 4, 4, 2, 1, 2),
(109, 130, 49, 5, 2, 4, 4, 3),
(110, 8, 22, 5, 5, 1, 3, 4),
(111, 58, 102, 3, 1, 2, 1, 2),
(112, 122, 167, 1, 2, 3, 5, 1),
(113, 73, 125, 1, 1, 5, 4, 5),
(114, 104, 46, 2, 2, 4, 1, 5),
(115, 77, 31, 1, 3, 2, 5, 1),
(116, 25, 120, 3, 5, 3, 4, 2),
(117, 150, 194, 3, 2, 3, 1, 4),
(118, 83, 240, 3, 5, 5, 2, 1),
(119, 43, 231, 3, 3, 5, 3, 4),
(120, 6, 260, 4, 2, 1, 5, 3),
(121, 98, 33, 5, 4, 2, 5, 4),
(122, 61, 145, 3, 4, 3, 1, 1),
(123, 127, 35, 1, 2, 2, 1, 2),
(124, 81, 99, 1, 1, 5, 4, 4),
(125, 29, 132, 1, 3, 2, 5, 1),
(126, 17, 107, 4, 1, 4, 1, 3),
(127, 133, 213, 3, 1, 5, 3, 5),
(128, 89, 37, 3, 1, 2, 5, 1),
(129, 41, 119, 5, 4, 2, 2, 5),
(130, 83, 92, 5, 5, 4, 1, 5),
(131, 58, 235, 4, 1, 2, 2, 5),
(132, 117, 173, 2, 5, 5, 4, 3),
(133, 66, 167, 3, 4, 4, 3, 5),
(134, 130, 110, 4, 5, 3, 3, 4),
(135, 46, 204, 1, 1, 3, 5, 1),
(136, 83, 155, 1, 3, 2, 2, 3),
(137, 102, 142, 5, 5, 5, 5, 5),
(138, 77, 20, 4, 3, 2, 2, 3),
(139, 4, 112, 1, 3, 4, 2, 4),
(140, 116, 49, 5, 3, 1, 5, 4),
(141, 50, 29, 3, 3, 4, 4, 1),
(142, 120, 6, 4, 1, 3, 5, 1),
(143, 57, 77, 3, 5, 2, 2, 1),
(144, 3, 202, 4, 5, 5, 5, 1),
(145, 22, 149, 4, 2, 2, 3, 1),
(146, 54, 26, 5, 4, 3, 1, 4);

INSERT INTO Staff (staff_id, name, age, staff_role, experience_level) VALUES
(1, 'Chris Cooper', 25, 'support', 'intern'),
(2, 'Sean Hill', 33, 'support', 'senior'),
(3, 'Elizabeth Roach', 27, 'technician', 'average'),
(4, 'Linda Wilcox', 18, 'security', 'average'),
(5, 'Nathan Valenzuela', 62, 'security', 'intern'),
(6, 'Julie Blankenship', 37, 'security', 'experienced'),
(7, 'Krista Mcintosh', 48, 'support', 'intern'),
(8, 'Jesse Jackson', 39, 'technician', 'junior'),
(9, 'Kimberly Duncan', 65, 'support', 'senior'),
(10, 'Sally Moses', 31, 'technician', 'junior'),
(11, 'Melvin Gray', 52, 'support', 'senior'),
(12, 'Christopher Kelley', 34, 'security', 'senior'),
(13, 'Robin Clark', 48, 'support', 'senior'),
(14, 'Teresa Salas', 64, 'security', 'junior'),
(15, 'Charles Rodgers', 62, 'support', 'intern'),
(16, 'Jeremy Petersen', 42, 'security', 'senior'),
(17, 'Daniel Griffith', 60, 'security', 'senior'),
(18, 'Lindsey Cisneros', 20, 'security', 'average'),
(19, 'Kimberly Cox', 28, 'technician', 'intern'),
(20, 'Donna Pearson', 36, 'technician', 'junior'),
(21, 'Marc Johnson', 62, 'security', 'senior'),
(22, 'Donald Hoffman', 35, 'support', 'intern'),
(23, 'Scott Smith', 47, 'security', 'intern'),
(24, 'Sarah Jensen', 22, 'support', 'experienced'),
(25, 'Amy Wright', 60, 'security', 'average'),
(26, 'Harry Morrison', 60, 'support', 'average'),
(27, 'Tara Hill', 24, 'security', 'intern'),
(28, 'Debra Atkinson', 36, 'security', 'experienced'),
(29, 'Nathan Russell', 32, 'security', 'experienced'),
(30, 'Melissa Ortega', 50, 'support', 'intern'),
(31, 'James Williams', 38, 'security', 'experienced'),
(32, 'Stanley Patel', 56, 'technician', 'senior'),
(33, 'Lori Perez', 23, 'security', 'junior'),
(34, 'Erica Shepard', 30, 'security', 'senior'),
(35, 'Kendra Lloyd', 47, 'support', 'senior'),
(36, 'Robert Bartlett', 63, 'security', 'intern'),
(37, 'Lynn Alvarez', 20, 'support', 'junior'),
(38, 'Dr. Darrell Morales', 51, 'technician', 'average'),
(39, 'Barbara Lewis', 39, 'technician', 'experienced'),
(40, 'Jessica Kelly', 43, 'support', 'junior'),
(41, 'Cody Perez', 19, 'support', 'average'),
(42, 'John Burch', 61, 'support', 'average'),
(43, 'Nancy Smith', 40, 'security', 'average'),
(44, 'Deborah Mathews', 33, 'support', 'senior'),
(45, 'Roberta Brown', 35, 'support', 'intern'),
(46, 'Lacey Carter', 58, 'technician', 'average'),
(47, 'Stephanie Johnson', 42, 'security', 'intern'),
(48, 'Tina Thomas', 53, 'technician', 'average'),
(49, 'Ariel Brock', 32, 'support', 'junior'),
(50, 'Troy Moore', 39, 'support', 'experienced');

INSERT INTO Staff_Assignment (assignment_id, staff_id, event_id, assignment_date, staff_role) VALUES
(1, 6, 1, '2024-11-25', 'security'),
(2, 37, 1, '2024-11-25', 'support'),
(3, 46, 1, '2024-11-25', 'technician'),
(4, 19, 1, '2024-11-25', 'technician'),
(5, 38, 1, '2024-11-25', 'technician'),
(6, 43, 2, '2024-07-28', 'security'),
(7, 11, 2, '2024-07-28', 'support'),
(8, 38, 2, '2024-07-28', 'technician'),
(9, 20, 2, '2024-07-28', 'technician'),
(10, 32, 2, '2024-07-28', 'technician'),
(11, 36, 3, '2024-10-12', 'security'),
(12, 11, 3, '2024-10-12', 'support'),
(13, 19, 3, '2024-10-12', 'technician'),
(14, 10, 3, '2024-10-12', 'technician'),
(15, 48, 3, '2024-10-12', 'technician'),
(16, 38, 3, '2024-10-12', 'technician'),
(17, 8, 3, '2024-10-12', 'technician'),
(18, 34, 4, '2024-05-06', 'security'),
(19, 11, 4, '2024-05-06', 'support'),
(20, 38, 4, '2024-05-06', 'technician'),
(21, 10, 4, '2024-05-06', 'technician'),
(22, 46, 4, '2024-05-06', 'technician'),
(23, 39, 4, '2024-05-06', 'technician'),
(24, 36, 5, '2024-07-31', 'security'),
(25, 45, 5, '2024-07-31', 'support'),
(26, 8, 5, '2024-07-31', 'technician'),
(27, 10, 5, '2024-07-31', 'technician'),
(28, 14, 6, '2024-04-02', 'security'),
(29, 1, 6, '2024-04-02', 'support'),
(30, 32, 6, '2024-04-02', 'technician'),
(31, 38, 6, '2024-04-02', 'technician'),
(32, 46, 6, '2024-04-02', 'technician'),
(33, 10, 6, '2024-04-02', 'technician'),
(34, 21, 7, '2023-09-07', 'security'),
(35, 11, 7, '2023-09-07', 'support'),
(36, 19, 7, '2023-09-07', 'technician'),
(37, 8, 7, '2023-09-07', 'technician'),
(38, 10, 7, '2023-09-07', 'technician'),
(39, 46, 7, '2023-09-07', 'technician'),
(40, 3, 7, '2023-09-07', 'technician'),
(41, 47, 8, '2023-12-05', 'security'),
(42, 49, 8, '2023-12-05', 'support'),
(43, 48, 8, '2023-12-05', 'technician'),
(44, 19, 8, '2023-12-05', 'technician'),
(45, 46, 8, '2023-12-05', 'technician'),
(46, 8, 8, '2023-12-05', 'technician'),
(47, 27, 9, '2023-01-28', 'security'),
(48, 7, 9, '2023-01-28', 'support'),
(49, 39, 9, '2023-01-28', 'technician'),
(50, 10, 9, '2023-01-28', 'technician'),
(51, 27, 10, '2023-11-20', 'security'),
(52, 13, 10, '2023-11-20', 'support'),
(53, 38, 10, '2023-11-20', 'technician'),
(54, 39, 10, '2023-11-20', 'technician'),
(55, 46, 10, '2023-11-20', 'technician'),
(56, 8, 10, '2023-11-20', 'technician'),
(57, 48, 10, '2023-11-20', 'technician'),
(58, 18, 11, '2023-08-30', 'security'),
(59, 2, 11, '2023-08-30', 'support'),
(60, 38, 11, '2023-08-30', 'technician'),
(61, 3, 11, '2023-08-30', 'technician'),
(62, 20, 11, '2023-08-30', 'technician'),
(63, 18, 12, '2023-08-06', 'security'),
(64, 15, 12, '2023-08-06', 'support'),
(65, 19, 12, '2023-08-06', 'technician'),
(66, 8, 12, '2023-08-06', 'technician'),
(67, 10, 12, '2023-08-06', 'technician'),
(68, 48, 12, '2023-08-06', 'technician'),
(69, 20, 12, '2023-08-06', 'technician'),
(70, 25, 13, '2023-02-13', 'security'),
(71, 41, 13, '2023-02-13', 'support'),
(72, 19, 13, '2023-02-13', 'technician'),
(73, 38, 13, '2023-02-13', 'technician'),
(74, 46, 13, '2023-02-13', 'technician'),
(75, 39, 13, '2023-02-13', 'technician'),
(76, 3, 13, '2023-02-13', 'technician'),
(77, 25, 14, '2023-07-11', 'security'),
(78, 37, 14, '2023-07-11', 'support'),
(79, 48, 14, '2023-07-11', 'technician'),
(80, 46, 14, '2023-07-11', 'technician'),
(81, 3, 14, '2023-07-11', 'technician'),
(82, 20, 14, '2023-07-11', 'technician'),
(83, 39, 14, '2023-07-11', 'technician'),
(84, 31, 15, '2023-03-22', 'security'),
(85, 2, 15, '2023-03-22', 'support'),
(86, 19, 15, '2023-03-22', 'technician'),
(87, 46, 15, '2023-03-22', 'technician'),
(88, 38, 15, '2023-03-22', 'technician'),
(89, 32, 15, '2023-03-22', 'technician'),
(90, 3, 15, '2023-03-22', 'technician'),
(91, 34, 16, '2022-11-02', 'security'),
(92, 2, 16, '2022-11-02', 'support'),
(93, 19, 16, '2022-11-02', 'technician'),
(94, 20, 16, '2022-11-02', 'technician'),
(95, 39, 16, '2022-11-02', 'technician'),
(96, 48, 16, '2022-11-02', 'technician'),
(97, 10, 16, '2022-11-02', 'technician'),
(98, 31, 17, '2022-02-20', 'security'),
(99, 13, 17, '2022-02-20', 'support'),
(100, 38, 17, '2022-02-20', 'technician'),
(101, 20, 17, '2022-02-20', 'technician'),
(102, 3, 17, '2022-02-20', 'technician'),
(103, 32, 17, '2022-02-20', 'technician'),
(104, 31, 18, '2022-10-27', 'security'),
(105, 41, 18, '2022-10-27', 'support'),
(106, 8, 18, '2022-10-27', 'technician'),
(107, 46, 18, '2022-10-27', 'technician'),
(108, 48, 18, '2022-10-27', 'technician'),
(109, 43, 19, '2022-09-05', 'security'),
(110, 45, 19, '2022-09-05', 'support'),
(111, 10, 19, '2022-09-05', 'technician'),
(112, 38, 19, '2022-09-05', 'technician'),
(113, 46, 19, '2022-09-05', 'technician'),
(114, 31, 20, '2022-08-04', 'security'),
(115, 1, 20, '2022-08-04', 'support'),
(116, 10, 20, '2022-08-04', 'technician'),
(117, 39, 20, '2022-08-04', 'technician'),
(118, 19, 20, '2022-08-04', 'technician'),
(119, 46, 20, '2022-08-04', 'technician'),
(120, 21, 21, '2022-08-18', 'security'),
(121, 30, 21, '2022-08-18', 'support'),
(122, 10, 21, '2022-08-18', 'technician'),
(123, 8, 21, '2022-08-18', 'technician'),
(124, 12, 22, '2022-11-22', 'security'),
(125, 41, 22, '2022-11-22', 'support'),
(126, 32, 22, '2022-11-22', 'technician'),
(127, 8, 22, '2022-11-22', 'technician'),
(128, 34, 23, '2021-01-26', 'security'),
(129, 50, 23, '2021-01-26', 'support'),
(130, 10, 23, '2021-01-26', 'technician'),
(131, 38, 23, '2021-01-26', 'technician'),
(132, 46, 23, '2021-01-26', 'technician'),
(133, 3, 23, '2021-01-26', 'technician'),
(134, 8, 23, '2021-01-26', 'technician'),
(135, 43, 24, '2021-12-04', 'security'),
(136, 11, 24, '2021-12-04', 'support'),
(137, 10, 24, '2021-12-04', 'technician'),
(138, 48, 24, '2021-12-04', 'technician'),
(139, 46, 24, '2021-12-04', 'technician'),
(140, 38, 24, '2021-12-04', 'technician'),
(141, 29, 25, '2021-11-13', 'security'),
(142, 26, 25, '2021-11-13', 'support'),
(143, 20, 25, '2021-11-13', 'technician'),
(144, 39, 25, '2021-11-13', 'technician'),
(145, 16, 26, '2021-04-30', 'security'),
(146, 9, 26, '2021-04-30', 'support'),
(147, 10, 26, '2021-04-30', 'technician'),
(148, 19, 26, '2021-04-30', 'technician'),
(149, 3, 26, '2021-04-30', 'technician'),
(150, 20, 26, '2021-04-30', 'technician'),
(151, 4, 27, '2021-10-26', 'security'),
(152, 41, 27, '2021-10-26', 'support'),
(153, 39, 27, '2021-10-26', 'technician'),
(154, 48, 27, '2021-10-26', 'technician'),
(155, 3, 27, '2021-10-26', 'technician'),
(156, 20, 27, '2021-10-26', 'technician'),
(157, 18, 28, '2021-10-18', 'security'),
(158, 15, 28, '2021-10-18', 'support'),
(159, 48, 28, '2021-10-18', 'technician'),
(160, 39, 28, '2021-10-18', 'technician'),
(161, 46, 28, '2021-10-18', 'technician'),
(162, 19, 28, '2021-10-18', 'technician'),
(163, 38, 28, '2021-10-18', 'technician'),
(164, 47, 29, '2021-03-18', 'security'),
(165, 50, 29, '2021-03-18', 'support'),
(166, 3, 29, '2021-03-18', 'technician'),
(167, 19, 29, '2021-03-18', 'technician'),
(168, 47, 30, '2021-01-19', 'security'),
(169, 45, 30, '2021-01-19', 'support'),
(170, 19, 30, '2021-01-19', 'technician'),
(171, 3, 30, '2021-01-19', 'technician'),
(172, 10, 30, '2021-01-19', 'technician'),
(173, 8, 30, '2021-01-19', 'technician'),
(174, 27, 31, '2021-03-09', 'security'),
(175, 2, 31, '2021-03-09', 'support'),
(176, 10, 31, '2021-03-09', 'technician'),
(177, 3, 31, '2021-03-09', 'technician'),
(178, 25, 32, '2021-02-08', 'security'),
(179, 7, 32, '2021-02-08', 'support'),
(180, 3, 32, '2021-02-08', 'technician'),
(181, 8, 32, '2021-02-08', 'technician'),
(182, 38, 32, '2021-02-08', 'technician'),
(183, 46, 32, '2021-02-08', 'technician'),
(184, 23, 33, '2020-01-11', 'security'),
(185, 50, 33, '2020-01-11', 'support'),
(186, 48, 33, '2020-01-11', 'technician'),
(187, 46, 33, '2020-01-11', 'technician'),
(188, 10, 33, '2020-01-11', 'technician'),
(189, 43, 34, '2020-08-20', 'security'),
(190, 35, 34, '2020-08-20', 'support'),
(191, 3, 34, '2020-08-20', 'technician'),
(192, 8, 34, '2020-08-20', 'technician'),
(193, 20, 34, '2020-08-20', 'technician'),
(194, 10, 34, '2020-08-20', 'technician'),
(195, 38, 34, '2020-08-20', 'technician'),
(196, 6, 35, '2020-01-25', 'security'),
(197, 40, 35, '2020-01-25', 'support'),
(198, 46, 35, '2020-01-25', 'technician'),
(199, 8, 35, '2020-01-25', 'technician'),
(200, 20, 35, '2020-01-25', 'technician'),
(201, 19, 35, '2020-01-25', 'technician'),
(202, 48, 35, '2020-01-25', 'technician'),
(203, 21, 36, '2020-10-06', 'security'),
(204, 30, 36, '2020-10-06', 'support'),
(205, 46, 36, '2020-10-06', 'technician'),
(206, 38, 36, '2020-10-06', 'technician'),
(207, 17, 37, '2020-10-10', 'security'),
(208, 50, 37, '2020-10-10', 'support'),
(209, 3, 37, '2020-10-10', 'technician'),
(210, 8, 37, '2020-10-10', 'technician'),
(211, 46, 37, '2020-10-10', 'technician'),
(212, 47, 38, '2020-07-31', 'security'),
(213, 26, 38, '2020-07-31', 'support'),
(214, 38, 38, '2020-07-31', 'technician'),
(215, 32, 38, '2020-07-31', 'technician'),
(216, 20, 38, '2020-07-31', 'technician'),
(217, 39, 38, '2020-07-31', 'technician'),
(218, 48, 38, '2020-07-31', 'technician'),
(219, 14, 39, '2020-07-08', 'security'),
(220, 50, 39, '2020-07-08', 'support'),
(221, 48, 39, '2020-07-08', 'technician'),
(222, 39, 39, '2020-07-08', 'technician'),
(223, 46, 39, '2020-07-08', 'technician'),
(224, 19, 39, '2020-07-08', 'technician'),
(225, 47, 40, '2020-06-19', 'security'),
(226, 22, 40, '2020-06-19', 'support'),
(227, 20, 40, '2020-06-19', 'technician'),
(228, 19, 40, '2020-06-19', 'technician'),
(229, 3, 40, '2020-06-19', 'technician'),
(230, 4, 41, '2019-07-19', 'security'),
(231, 41, 41, '2019-07-19', 'support'),
(232, 8, 41, '2019-07-19', 'technician'),
(233, 19, 41, '2019-07-19', 'technician'),
(234, 29, 42, '2019-08-10', 'security'),
(235, 2, 42, '2019-08-10', 'support'),
(236, 32, 42, '2019-08-10', 'technician'),
(237, 48, 42, '2019-08-10', 'technician'),
(238, 19, 42, '2019-08-10', 'technician'),
(239, 3, 42, '2019-08-10', 'technician'),
(240, 46, 42, '2019-08-10', 'technician'),
(241, 23, 43, '2019-06-22', 'security'),
(242, 24, 43, '2019-06-22', 'support'),
(243, 8, 43, '2019-06-22', 'technician'),
(244, 20, 43, '2019-06-22', 'technician'),
(245, 46, 43, '2019-06-22', 'technician'),
(246, 4, 44, '2019-08-07', 'security'),
(247, 9, 44, '2019-08-07', 'support'),
(248, 32, 44, '2019-08-07', 'technician'),
(249, 48, 44, '2019-08-07', 'technician'),
(250, 38, 44, '2019-08-07', 'technician'),
(251, 46, 44, '2019-08-07', 'technician'),
(252, 16, 45, '2019-12-08', 'security'),
(253, 15, 45, '2019-12-08', 'support'),
(254, 32, 45, '2019-12-08', 'technician'),
(255, 48, 45, '2019-12-08', 'technician'),
(256, 33, 46, '2018-02-28', 'security'),
(257, 2, 46, '2018-02-28', 'support'),
(258, 10, 46, '2018-02-28', 'technician'),
(259, 39, 46, '2018-02-28', 'technician'),
(260, 48, 46, '2018-02-28', 'technician'),
(261, 32, 46, '2018-02-28', 'technician'),
(262, 19, 46, '2018-02-28', 'technician'),
(263, 31, 47, '2018-06-27', 'security'),
(264, 40, 47, '2018-06-27', 'support'),
(265, 3, 47, '2018-06-27', 'technician'),
(266, 46, 47, '2018-06-27', 'technician'),
(267, 20, 47, '2018-06-27', 'technician'),
(268, 39, 47, '2018-06-27', 'technician'),
(269, 36, 48, '2018-03-26', 'security'),
(270, 45, 48, '2018-03-26', 'support'),
(271, 3, 48, '2018-03-26', 'technician'),
(272, 19, 48, '2018-03-26', 'technician'),
(273, 32, 48, '2018-03-26', 'technician'),
(274, 38, 48, '2018-03-26', 'technician'),
(275, 6, 49, '2018-11-12', 'security'),
(276, 11, 49, '2018-11-12', 'support'),
(277, 20, 49, '2018-11-12', 'technician'),
(278, 3, 49, '2018-11-12', 'technician'),
(279, 32, 49, '2018-11-12', 'technician'),
(280, 19, 49, '2018-11-12', 'technician'),
(281, 43, 50, '2018-07-31', 'security'),
(282, 50, 50, '2018-07-31', 'support'),
(283, 38, 50, '2018-07-31', 'technician'),
(284, 10, 50, '2018-07-31', 'technician'),
(285, 8, 50, '2018-07-31', 'technician'),
(286, 25, 51, '2018-06-02', 'security'),
(287, 2, 51, '2018-06-02', 'support'),
(288, 20, 51, '2018-06-02', 'technician'),
(289, 38, 51, '2018-06-02', 'technician'),
(290, 8, 51, '2018-06-02', 'technician'),
(291, 19, 51, '2018-06-02', 'technician'),
(292, 27, 52, '2018-12-13', 'security'),
(293, 41, 52, '2018-12-13', 'support'),
(294, 20, 52, '2018-12-13', 'technician'),
(295, 19, 52, '2018-12-13', 'technician'),
(296, 48, 52, '2018-12-13', 'technician'),
(297, 12, 53, '2017-11-18', 'security'),
(298, 35, 53, '2017-11-18', 'support'),
(299, 3, 53, '2017-11-18', 'technician'),
(300, 19, 53, '2017-11-18', 'technician'),
(301, 8, 53, '2017-11-18', 'technician'),
(302, 34, 54, '2017-02-27', 'security'),
(303, 1, 54, '2017-02-27', 'support'),
(304, 39, 54, '2017-02-27', 'technician'),
(305, 46, 54, '2017-02-27', 'technician'),
(306, 10, 54, '2017-02-27', 'technician'),
(307, 8, 54, '2017-02-27', 'technician'),
(308, 48, 54, '2017-02-27', 'technician'),
(309, 34, 55, '2017-08-18', 'security'),
(310, 26, 55, '2017-08-18', 'support'),
(311, 32, 55, '2017-08-18', 'technician'),
(312, 10, 55, '2017-08-18', 'technician'),
(313, 8, 55, '2017-08-18', 'technician'),
(314, 38, 55, '2017-08-18', 'technician'),
(315, 20, 55, '2017-08-18', 'technician'),
(316, 17, 56, '2017-03-02', 'security'),
(317, 2, 56, '2017-03-02', 'support'),
(318, 39, 56, '2017-03-02', 'technician'),
(319, 38, 56, '2017-03-02', 'technician'),
(320, 8, 56, '2017-03-02', 'technician'),
(321, 23, 57, '2017-04-18', 'security'),
(322, 2, 57, '2017-04-18', 'support'),
(323, 48, 57, '2017-04-18', 'technician'),
(324, 8, 57, '2017-04-18', 'technician'),
(325, 31, 58, '2017-10-11', 'security'),
(326, 2, 58, '2017-10-11', 'support'),
(327, 8, 58, '2017-10-11', 'technician'),
(328, 46, 58, '2017-10-11', 'technician'),
(329, 20, 58, '2017-10-11', 'technician'),
(330, 3, 58, '2017-10-11', 'technician'),
(331, 17, 59, '2026-02-09', 'security'),
(332, 30, 59, '2026-02-09', 'support'),
(333, 19, 59, '2026-02-09', 'technician'),
(334, 48, 59, '2026-02-09', 'technician'),
(335, 20, 59, '2026-02-09', 'technician'),
(336, 10, 59, '2026-02-09', 'technician'),
(337, 31, 60, '2026-12-14', 'security'),
(338, 9, 60, '2026-12-14', 'support'),
(339, 20, 60, '2026-12-14', 'technician'),
(340, 10, 60, '2026-12-14', 'technician'),
(341, 46, 60, '2026-12-14', 'technician'),
(342, 39, 60, '2026-12-14', 'technician'),
(343, 4, 61, '2026-06-29', 'security'),
(344, 50, 61, '2026-06-29', 'support'),
(345, 46, 61, '2026-06-29', 'technician'),
(346, 48, 61, '2026-06-29', 'technician'),
(347, 17, 62, '2026-09-22', 'security'),
(348, 45, 62, '2026-09-22', 'support'),
(349, 32, 62, '2026-09-22', 'technician'),
(350, 46, 62, '2026-09-22', 'technician'),
(351, 21, 63, '2026-04-21', 'security'),
(352, 11, 63, '2026-04-21', 'support'),
(353, 20, 63, '2026-04-21', 'technician'),
(354, 19, 63, '2026-04-21', 'technician'),
(355, 10, 63, '2026-04-21', 'technician'),
(356, 3, 63, '2026-04-21', 'technician'),
(357, 47, 64, '2026-10-11', 'security'),
(358, 30, 64, '2026-10-11', 'support'),
(359, 46, 64, '2026-10-11', 'technician'),
(360, 39, 64, '2026-10-11', 'technician'),
(361, 3, 64, '2026-10-11', 'technician'),
(362, 8, 64, '2026-10-11', 'technician'),
(363, 33, 65, '2026-05-27', 'security'),
(364, 2, 65, '2026-05-27', 'support'),
(365, 8, 65, '2026-05-27', 'technician'),
(366, 38, 65, '2026-05-27', 'technician'),
(367, 6, 66, '2026-12-02', 'security'),
(368, 40, 66, '2026-12-02', 'support'),
(369, 38, 66, '2026-12-02', 'technician'),
(370, 10, 66, '2026-12-02', 'technician'),
(371, 47, 67, '2027-05-19', 'security'),
(372, 35, 67, '2027-05-19', 'support'),
(373, 20, 67, '2027-05-19', 'technician'),
(374, 32, 67, '2027-05-19', 'technician'),
(375, 19, 67, '2027-05-19', 'technician'),
(376, 46, 67, '2027-05-19', 'technician'),
(377, 38, 67, '2027-05-19', 'technician'),
(378, 31, 68, '2027-04-09', 'security'),
(379, 49, 68, '2027-04-09', 'support'),
(380, 10, 68, '2027-04-09', 'technician'),
(381, 8, 68, '2027-04-09', 'technician'),
(382, 12, 69, '2027-02-28', 'security'),
(383, 41, 69, '2027-02-28', 'support'),
(384, 20, 69, '2027-02-28', 'technician'),
(385, 39, 69, '2027-02-28', 'technician'),
(386, 46, 69, '2027-02-28', 'technician'),
(387, 8, 69, '2027-02-28', 'technician'),
(388, 38, 69, '2027-02-28', 'technician'),
(389, 47, 70, '2027-03-16', 'security'),
(390, 24, 70, '2027-03-16', 'support'),
(391, 32, 70, '2027-03-16', 'technician'),
(392, 38, 70, '2027-03-16', 'technician'),
(393, 10, 70, '2027-03-16', 'technician'),
(394, 25, 71, '2027-12-06', 'security'),
(395, 41, 71, '2027-12-06', 'support'),
(396, 39, 71, '2027-12-06', 'technician'),
(397, 3, 71, '2027-12-06', 'technician'),
(398, 8, 71, '2027-12-06', 'technician'),
(399, 19, 71, '2027-12-06', 'technician'),
(400, 27, 72, '2027-08-19', 'security'),
(401, 42, 72, '2027-08-19', 'support'),
(402, 39, 72, '2027-08-19', 'technician'),
(403, 10, 72, '2027-08-19', 'technician'),
(404, 27, 73, '2027-07-03', 'security'),
(405, 50, 73, '2027-07-03', 'support'),
(406, 48, 73, '2027-07-03', 'technician'),
(407, 10, 73, '2027-07-03', 'technician'),
(408, 8, 73, '2027-07-03', 'technician'),
(409, 19, 73, '2027-07-03', 'technician'),
(410, 25, 74, '2027-11-17', 'security'),
(411, 45, 74, '2027-11-17', 'support'),
(412, 8, 74, '2027-11-17', 'technician'),
(413, 20, 74, '2027-11-17', 'technician'),
(414, 28, 75, '2027-11-16', 'security'),
(415, 49, 75, '2027-11-16', 'support'),
(416, 38, 75, '2027-11-16', 'technician'),
(417, 19, 75, '2027-11-16', 'technician'),
(418, 46, 75, '2027-11-16', 'technician'),
(419, 20, 75, '2027-11-16', 'technician'),
(420, 8, 75, '2027-11-16', 'technician'),
(421, 28, 76, '2027-01-29', 'security'),
(422, 7, 76, '2027-01-29', 'support'),
(423, 32, 76, '2027-01-29', 'technician'),
(424, 19, 76, '2027-01-29', 'technician'),
(425, 38, 76, '2027-01-29', 'technician'),
(426, 39, 76, '2027-01-29', 'technician'),
(427, 46, 76, '2027-01-29', 'technician');

